location,size,total_sqft,price,category,bhk,price_per_sqft
Himagiri Meadows,2 BHK,869.0,3600000,Rural,2,4142.692750287687
Adarsh Nagar,2 BHK,1270.0,5000000,Urban,2,3937.0078740157483
Bhoganhalli,3 BHK,1670.0,9900000,Urban,3,5928.143712574851
Whitefield,3 BHK,2010.0,9100000,Rural,3,4527.363184079602
Lakshminarayana Pura,2 BHK,1185.0,7500000,Rural,2,6329.113924050633
Yelahanka,3 BHK,1600.0,7500000,Rural,3,4687.5
Begur Road,2 BHK,1200.0,4400000,Urban,2,3666.6666666666665
Basavanapura,3 BHK,1612.0,4674000,Rural,3,2899.5037220843674
Ramakrishnappa Layout,2 BHK,1500.0,18500000,Urban,2,12333.333333333334
Murugeshpalya,6 Bedroom,1407.0,15000000,Rural,6,10660.980810234541
Govindaraja Nagar Ward,2 BHK,840.0,4500000,Urban,2,5357.142857142857
Tharabanahalli,3 Bedroom,4395.0,24000000,Urban,3,5460.750853242321
Ganga Nagar,2 BHK,845.0,5500000,Urban,2,6508.87573964497
Whitefield,4 Bedroom,5700.0,65000000,Rural,4,11403.508771929824
Varthur,2 BHK,1160.0,4400000,Rural,2,3793.103448275862
Bommanahalli,8 Bedroom,3000.0,14000000,Urban,8,4666.666666666667
Doddathoguru,2 BHK,1100.0,6200000,Rural,2,5636.363636363636
Gunjur,2 BHK,1140.0,4300000,Rural,2,3771.9298245614036
Marathahalli,2 BHK,1220.0,5700000,Urban,2,4672.131147540984
Devarachikkanahalli,8 Bedroom,1350.0,8500000,Urban,8,6296.2962962962965
Kanakpura Road,2 BHK,1005.0,3668000,Urban,2,3649.7512437810947
Double Road,3 Bedroom,500.0,10000000,Urban,3,20000.0
Begur Road,2 BHK,1358.0,8058000,Urban,2,5933.726067746687
Hegde Nagar,3 BHK,1569.0,10100000,Urban,3,6437.221159974506
Haralur Road,2 BHK,1240.0,7000000,Urban,2,5645.1612903225805
Hennur Road,3 BHK,2089.0,14000000,Urban,3,6701.771182383915
Kothannur,2 BHK,1206.0,4823000,Rural,2,3999.1708126036483
Kalena Agrahara,2 BHK,1150.0,4000000,Rural,2,3478.2608695652175
Cholanayakanahalli,3 BHK,2511.0,20500000,Urban,3,8164.078056551175
Kaval Byrasandra,2 BHK,460.0,2200000,Rural,2,4782.608695652174
ISRO Layout,6 Bedroom,4400.0,25000000,Urban,6,5681.818181818182
Kodanda Reddy Layout,3 BHK,1660.0,10500000,Urban,3,6325.301204819277
Hennur Road,4 Bedroom,3203.5,22450000,Urban,4,7007.960043702201
Yelahanka,2 BHK,1326.0,7800000,Rural,2,5882.35294117647
Garudachar Palya,3 BHK,1325.0,6080000,Rural,3,4588.679245283019
EPIP Zone,3 BHK,1499.0,10200000,Urban,3,6804.536357571715
Hegde Nagar,6 Bedroom,3000.0,21000000,Urban,6,7000.0
Kanakpura Road,3 BHK,1665.0,8800000,Urban,3,5285.285285285286
Dasanapura,2 BHK,708.0,3700000,Rural,2,5225.988700564972
Kasavanhalli,2 BHK,1060.0,5806000,Urban,2,5477.358490566037
Rajaji Nagar,6 Bedroom,710.0,16000000,Urban,6,22535.211267605635
Sanjay nagar,2 BHK,1000.0,7000000,Urban,2,7000.0
Electronic City,2 BHK,1000.0,2888000,Urban,2,2888.0
Mysore Highway,3 BHK,1450.0,7000000,Rural,3,4827.586206896552
ISRO Layout,4 Bedroom,1200.0,15500000,Urban,4,12916.666666666666
Thanisandra,2 BHK,1296.0,8000000,Rural,2,6172.83950617284
Domlur,3 BHK,1540.0,9000000,Rural,3,5844.1558441558445
Kengeri,4 Bedroom,2894.0,24500000,Rural,4,8465.791292328957
Sarjapura - Attibele Road,3 BHK,1330.0,4800000,Urban,3,3609.0225563909776
Devasthanagalu,2 BHK,1200.0,6500000,Rural,2,5416.666666666667
T Dasarahalli,3 Bedroom,1200.0,9000000,Urban,3,7500.0
Yeshwanthpur,3 BHK,2502.0,13800000,Urban,3,5515.587529976019
Chandapura,2 BHK,650.0,1700000,Rural,2,2615.3846153846152
Kothanur,3 Bedroom,2400.0,15000000,Rural,3,6250.0
Green View Layout,2 BHK,1007.0,4300000,Urban,2,4270.109235352532
Shantiniketan Layout,2 BHK,1200.0,5000000,Urban,2,4166.666666666667
Peenya,2 BHK,966.0,4990000,Rural,2,5165.631469979296
Nagarbhavi,3 BHK,1630.0,9800000,Urban,3,6012.269938650306
Rajaji Nagar,3 BHK,1640.0,22900000,Urban,3,13963.414634146342
Jalahalli West,2 BHK,782.0,5568000,Urban,2,7120.204603580562
Devanahalli,2 BHK,1260.0,6678000,Urban,2,5300.0
Lakshmiamma Garden,3 BHK,1800.0,12000000,Rural,3,6666.666666666667
Byatarayanapura,3 BHK,1413.0,7500000,Rural,3,5307.855626326964
Whitefield,2 BHK,1116.0,5191000,Rural,2,4651.433691756272
Electronic City,3 BHK,1530.0,4590000,Urban,3,3000.0
Ramamurthy Nagar,4 Bedroom,3700.0,22500000,Urban,4,6081.081081081081
Sarjapur Road,3 Bedroom,2497.0,14000000,Urban,3,5606.728073688426
Kengeri,3 BHK,1540.0,6400000,Rural,3,4155.8441558441555
Thanisandra,3 BHK,1436.0,7475000,Rural,3,5205.431754874652
Malleshwaram,2 BHK,1100.0,7500000,Urban,2,6818.181818181818
Double Road,3 Bedroom,500.0,10000000,Rural,3,20000.0
Begur Road,2 BHK,1358.0,8058000,Urban,2,5933.726067746687
Hegde Nagar,3 BHK,1569.0,10100000,Rural,3,6437.221159974506
Haralur Road,2 BHK,1240.0,7000000,Urban,2,5645.1612903225805
Hennur Road,3 BHK,2089.0,14000000,Urban,3,6701.771182383915
Kothannur,2 BHK,1206.0,4823000,Rural,2,3999.1708126036483
Kalena Agrahara,2 BHK,1150.0,4000000,Rural,2,3478.2608695652175
Cholanayakanahalli,3 BHK,2511.0,20500000,Rural,3,8164.078056551175
Kaval Byrasandra,2 BHK,460.0,2200000,Rural,2,4782.608695652174
ISRO Layout,6 Bedroom,4400.0,25000000,Rural,6,5681.818181818182
Kodanda Reddy Layout,3 BHK,1660.0,10500000,Rural,3,6325.301204819277
Hennur Road,4 Bedroom,3203.5,22450000,Urban,4,7007.960043702201
Yelahanka,2 BHK,1326.0,7800000,Urban,2,5882.35294117647
Garudachar Palya,3 BHK,1325.0,6080000,Rural,3,4588.679245283019
EPIP Zone,3 BHK,1499.0,10200000,Rural,3,6804.536357571715
Hegde Nagar,6 Bedroom,3000.0,21000000,Rural,6,7000.0
Kanakpura Road,3 BHK,1665.0,8800000,Urban,3,5285.285285285286
Dasanapura,2 BHK,708.0,3700000,Rural,2,5225.988700564972
Kasavanhalli,2 BHK,1060.0,5806000,Rural,2,5477.358490566037
Rajaji Nagar,6 Bedroom,710.0,16000000,Urban,6,22535.211267605635
Sanjay nagar,2 BHK,1000.0,7000000,Rural,2,7000.0
Electronic City,2 BHK,1000.0,2888000,Urban,2,2888.0
 Mysore Highway,3 BHK,1450.0,7000000,Rural,3,4827.586206896552
ISRO Layout,4 Bedroom,1200.0,15500000,Rural,4,12916.666666666666
Thanisandra,2 BHK,1296.0,8000000,Rural,2,6172.83950617284
Domlur,3 BHK,1540.0,9000000,Urban,3,5844.1558441558445
Kengeri,4 Bedroom,2894.0,24500000,Urban,4,8465.791292328957
Sarjapura - Attibele Road,3 BHK,1330.0,4800000,Urban,3,3609.0225563909776
Devasthanagalu,2 BHK,1200.0,6500000,Rural,2,5416.666666666667
T Dasarahalli,3 Bedroom,1200.0,9000000,Rural,3,7500.0
Yeshwanthpur,3 BHK,2502.0,13800000,Rural,3,5515.587529976019
Chandapura,2 BHK,650.0,1700000,Rural,2,2615.3846153846152
Kothanur,3 Bedroom,2400.0,15000000,Rural,3,6250.0
Green View Layout,2 BHK,1007.0,4300000,Rural,2,4270.109235352532
Shantiniketan Layout,2 BHK,1200.0,5000000,Rural,2,4166.666666666667
Peenya,2 BHK,966.0,4990000,Urban,2,5165.631469979296
Nagarbhavi,3 BHK,1630.0,9800000,Rural,3,6012.269938650306
Rajaji Nagar,3 BHK,1640.0,22900000,Urban,3,13963.414634146342
Jalahalli West,2 BHK,782.0,5568000,Rural,2,7120.204603580562
Devanahalli,2 BHK,1260.0,6678000,Rural,2,5300.0
Lakshmiamma Garden,3 BHK,1800.0,12000000,Rural,3,6666.666666666667
Byatarayanapura,3 BHK,1413.0,7500000,Rural,3,5307.855626326964
Whitefield,2 BHK,1116.0,5191000,Urban,2,4651.433691756272
Electronic City,3 BHK,1530.0,4590000,Urban,3,3000.0
Ramamurthy Nagar,4 Bedroom,3700.0,22500000,Rural,4,6081.081081081081
Sarjapur  Road,3 Bedroom,2497.0,14000000,Urban,3,5606.728073688426
Kengeri,3 BHK,1540.0,6400000,Urban,3,4155.8441558441555
Thanisandra,3 BHK,1436.0,7475000,Rural,3,5205.431754874652
Malleshwaram,2 BHK,1100.0,7500000,Urban,2,6818.181818181818
Hennur Road,2 Bedroom,276.0,2300000,Urban,2,8333.333333333334
Thanisandra,3 BHK,1427.0,12000000,Rural,3,8409.250175192712
Akshaya Nagar,3 BHK,2061.0,20000000,Rural,3,9704.02717127608
Hebbal,4 BHK,5611.5,47700000,Urban,4,8500.400962309543
Shampura,4 BHK,2650.0,15000000,Rural,4,5660.377358490566
Devanahalli,3 BHK,1282.0,6852000,Rural,3,5344.773790951638
Kadugodi,2 BHK,1050.0,3400000,Rural,2,3238.095238095238
LB Shastri Nagar,3 BHK,1600.0,6500000,Rural,3,4062.5
Vajarahalli,2 BHK,945.0,5400000,Urban,2,5714.285714285715
Hormavu,2 BHK,1500.0,7800000,Rural,2,5200.0
Vishwapriya Layout,7 Bedroom,950.0,11500000,Rural,7,12105.263157894737
Peenya,3 BHK,1870.0,11000000,Urban,3,5882.35294117647
Sarjapur,3 Bedroom,1600.0,7500000,Urban,3,4687.5
Electronic City,2 BHK,880.0,1650000,Urban,2,1875.0
Ramaswamy Palya - Kammanahalli Main Road,4 Bedroom,1200.0,21000000,Rural,4,17500.0
Kudlu Gate,3 BHK,1535.0,8300000,Rural,3,5407.166123778502
Kanakpura Road,2 BHK,950.0,5700000,Urban,2,6000.0
Devanahalli,2 BHK,1360.0,6500000,Rural,2,4779.411764705882
Kengeri Satellite Town,2 BHK,890.0,3500000,Urban,2,3932.5842696629215
Bommasandra Industrial Area,3 BHK,1280.0,5040000,Urban,3,3937.5
Chandra Layout,3 BHK,1260.0,8505000,Rural,3,6750.0
Hennur Road,8 Bedroom,5000.0,25000000,Urban,8,5000.0
Yelahanka,5 BHK,3050.0,21300000,Urban,5,6983.606557377049
Kasavanhalli,3 BHK,1563.05,10500000,Rural,3,6717.635392341896
ISRO Layout,2 BHK,1000.0,6000000,Rural,2,6000.0
Anandapura,2 BHK,1167.0,4376000,Rural,2,3749.7857754927163
Vishveshwarya Layout,7 BHK,4000.0,22500000,Rural,7,5625.0
Kothanur,3 BHK,1828.0,11000000,Rural,3,6017.505470459519
Kengeri Satellite Town,2 BHK,890.0,3500000,Urban,2,3932.5842696629215
Basavanapura,3 BHK,1612.0,4674000,Urban,3,2899.5037220843674
Dinnur,6 Bedroom,1034.0,18500000,Rural,6,17891.682785299807
Mysore Road,3 BHK,1710.0,9131000,Rural,3,5339.766081871345
Kannamangala,2 BHK,957.0,5800000,Rural,2,6060.606060606061
 Devarachikkanahalli,3 BHK,1250.0,4400000,Rural,3,3520.0
Sanjeevini Nagar,3 BHK,2795.0,23500000,Rural,3,8407.871198568873
Hulimavu,2 BHK,1125.0,5000000,Rural,2,4444.444444444444
Electronic City Phase II,2 BHK,1020.0,3060000,Urban,2,3000.0
Kalena Agrahara,2 BHK,1200.0,5000000,Rural,2,4166.666666666667
Thanisandra,3 BHK,1735.0,13500000,Rural,3,7780.979827089337
Thanisandra,3 BHK,2050.0,14500000,Rural,3,7073.170731707317
Mahalakshmi Layout,4 Bedroom,3750.0,76000000,Rural,4,20266.666666666668
Yarandahalli,3 BHK,1350.0,4800000,Rural,3,3555.5555555555557
Hosa Road,2 BHK,1063.0,3200000,Rural,2,3010.348071495767
Keshava Nagar,3 BHK,1904.0,15000000,Rural,3,7878.151260504202
Whitefield,4 Bedroom,4200.0,42000000,Urban,4,10000.0
RMV Extension,3 BHK,2000.0,17500000,Rural,3,8750.0
Sarjapur,2 BHK,1242.5,4349000,Urban,2,3500.201207243461
Tejaswini Nagar,3 BHK,1425.0,7500000,Rural,3,5263.1578947368425
Electronic City,3 BHK,1500.0,6450000,Urban,3,4300.0
Electronic City,2 BHK,1060.0,6000000,Urban,2,5660.377358490566
Jai Bheema Nagar,3 BHK,1470.0,7000000,Rural,3,4761.9047619047615
Kothnur Narayanapura,6 BHK,1300.0,9900000,Rural,6,7615.384615384615
Attibele,1 BHK,450.0,1100000,Urban,1,2444.4444444444443
Electronic City,2 BHK,1152.0,6450000,Urban,2,5598.958333333333
Electronic City,3 BHK,1350.0,5600000,Urban,3,4148.148148148148
CV Raman Nagar,3 BHK,1550.0,6500000,Urban,3,4193.548387096775
CHIKKATIRUPATHI,3 Bedroom,1500.0,10000000,Rural,3,6666.666666666667
Kumaraswami Layout,5 Bedroom,600.0,8500000,Rural,5,14166.666666666666
Nagavara,1 Bedroom,400.0,1400000,Urban,1,3500.0
Malleshwaram,1 BHK,705.0,6700000,Urban,1,9503.54609929078
Electronic City,2 BHK,770.0,3600000,Urban,2,4675.324675324675
Hulimavu,2 BHK,1242.0,5100000,Rural,2,4106.280193236715
Hebbal Kempapura,3 BHK,1700.0,15500000,Urban,3,9117.64705882353
Thanisandra,3 BHK,2144.0,14500000,Rural,3,6763.059701492537
Vijayanagar,3 BHK,1704.0,11000000,Urban,3,6455.399061032864
Electronic City,2 BHK,1070.0,5200000,Urban,2,4859.813084112149
8th block Koramangala,3 Bedroom,1846.0,30000000,Urban,3,16251.354279523293
Jakkuru Layout,2 BHK,1340.0,5570000,Rural,2,4156.7164179104475
Electronic City,2 BHK,1025.0,4600000,Urban,2,4487.804878048781
KR Puram,2 BHK,1277.5,5680000,Urban,2,4446.183953033268
Marathahalli,2 BHK,1200.0,5200000,Urban,2,4333.333333333333
Kanakpura Road,4 Bedroom,2250.0,11000000,Urban,4,4888.888888888889
Pattandur Agrahara,3 BHK,1550.0,8000000,Rural,3,5161.290322580645
Bellandur,4 Bedroom,1200.0,32500000,Urban,4,27083.333333333332
Ejipura,7 Bedroom,1800.0,25000000,Rural,7,13888.888888888889
Marathahalli,2 BHK,1200.0,6000000,Urban,2,5000.0
Yelahanka,2 BHK,1327.0,9800000,Urban,2,7385.079125847777
Kothanur,2 BHK,1186.0,5800000,Rural,2,4890.387858347386
MS Pallya,3 Bedroom,1783.0,11500000,Rural,3,6449.8037016264725
HSR Layout,3 BHK,1400.0,5600000,Urban,3,4000.0
Nagasandra,2 BHK,980.0,4800000,Urban,2,4897.959183673469
EPIP Zone,2 BHK,1285.0,8200000,Rural,2,6381.322957198444
Langford Town,3 BHK,912.0,7000000,Rural,3,7675.438596491228
Whitefield,2 BHK,1225.0,4760000,Urban,2,3885.714285714286
Whitefield,2 BHK,1075.0,5300000,Urban,2,4930.232558139535
Kadugodi,3 BHK,1260.0,5400000,Rural,3,4285.714285714285
Yelahanka,3 BHK,1282.0,4870000,Urban,3,3798.751950078003
Kogilu,3 BHK,1909.0,8800000,Rural,3,4609.743321110529
Panathur,2 BHK,1359.0,8700000,Rural,2,6401.766004415011
Nagondanahalli,2 BHK,1207.0,4350000,Rural,2,3603.976801988401
Padmanabhanagar,4 Bedroom,1736.0,19000000,Urban,4,10944.700460829494
1st Block Jayanagar,4 BHK,2850.0,42800000,Urban,4,15017.543859649122
Kammasandra,3 BHK,1595.0,6500000,Rural,3,4075.2351097178685
"Off Sarjapur Road, ",3 BHK,1798.0,8900000,Urban,3,4949.944382647386
Electronics City Phase 1,3 BHK,1475.0,7829000,Rural,3,5307.796610169492
Tala Cauvery Layout,3 BHK,1580.0,10000000,Rural,3,6329.113924050633
Dasarahalli,2 BHK,1295.0,6500000,Rural,2,5019.305019305019
Magadi Road,6 Bedroom,3600.0,14100000,Rural,6,3916.6666666666665
Electronic City,1 BHK,589.0,2700000,Urban,1,4584.040747028863
Ngef Layout,3 BHK,1415.0,7800000,Rural,3,5512.367491166077
Sarjapur  Road,3 BHK,1787.0,9829000,Urban,3,5500.279798545048
Sarjapur  Road,3 BHK,1787.0,12500000,Urban,3,6994.963626189144
Koramangala,3 BHK,1475.0,9000000,Urban,3,6101.6949152542375
"Lakshminarayanapura, Electronic City Phase 2",4 BHK,2000.0,7550000,Urban,4,3775.0
Sarjapur  Road,2 BHK,984.0,4428000,Urban,2,4500.0
Devanahalli,3 BHK,1630.0,7482000,Rural,3,4590.184049079755
Muthurayya Swamy Layout,3 BHK,2405.0,26000000,Rural,3,10810.81081081081
7th Phase JP Nagar,2 BHK,1080.0,7200000,Urban,2,6666.666666666667
Shantiniketan Layout,2 Bedroom,1500.0,11500000,Rural,2,7666.666666666667
Hebbal,3 BHK,1900.0,11900000,Urban,3,6263.1578947368425
Dommasandra,2 BHK,805.0,2214000,Urban,2,2750.3105590062114
Budigere,2 BHK,1153.0,5640000,Rural,2,4891.587163920208
Dodda Nekkundi Extension,2 BHK,1148.0,6000000,Rural,2,5226.480836236934
Mylasandra,2 BHK,1110.0,5500000,Rural,2,4954.954954954955
Electronic City,2 BHK,1100.0,4200000,Urban,2,3818.181818181818
Kalyan nagar,2 BHK,1290.0,11000000,Rural,2,8527.131782945737
Dr Shivarama Karantha Nagar,3 BHK,1500.0,6500000,Rural,3,4333.333333333333
Bank Of Baroda Colony,2 BHK,1080.0,3900000,Rural,2,3611.1111111111113
Vijayanagar,3 BHK,1933.0,12900000,Urban,3,6673.564407656492
Ramamurthy Nagar,5 Bedroom,3500.0,15000000,Urban,5,4285.714285714285
Kullappa Colony,2 BHK,1060.0,6000000,Rural,2,5660.377358490566
Chandapura,1 BHK,645.0,1645000,Rural,1,2550.3875968992247
Mukkutam Nagar,8 Bedroom,2600.0,18000000,Rural,8,6923.076923076923
Chandapura,1 BHK,645.0,1645000,Rural,1,2550.3875968992247
Ashwath Nagar,3 BHK,1644.0,8400000,Rural,3,5109.489051094891
Ncpr Industrial Layout,2 BHK,1285.0,7250000,Rural,2,5642.023346303502
Electronic City,3 Bedroom,1200.0,9000000,Urban,3,7500.0
Electronic City,2 BHK,910.0,4000000,Urban,2,4395.604395604396
Kothanur,3 BHK,1577.0,7000000,Rural,3,4438.807863031072
Meenakunte,3 Bedroom,4050.0,28000000,Rural,3,6913.580246913581
OMBR Layout,3 BHK,2420.0,18500000,Rural,3,7644.628099173554
Chandapura,2 BHK,800.0,2000000,Rural,2,2500.0
Anand Nagar,2 BHK,1060.0,5500000,Rural,2,5188.679245283019
7th Phase JP Nagar,2 BHK,1270.0,9300000,Urban,2,7322.834645669292
Shree Ananth Nagar Layout,2 BHK,900.0,2250000,Rural,2,2500.0
Kundalahalli Colony,2 Bedroom,1280.0,6900000,Rural,2,5390.625
Horamavu Agara,4 Bedroom,1200.0,9500000,Rural,4,7916.666666666667
Sarjapur  Road,2 BHK,1025.0,3600000,Urban,2,3512.1951219512193
Electronic City,2 BHK,1108.0,6300000,Urban,2,5685.9205776173285
MCECHS  layout,5 Bedroom,1200.0,17000000,Rural,5,14166.666666666666
Coffee Board Layout,3 BHK,3045.0,17000000,Rural,3,5582.922824302134
Ambedkar Nagar,4 Bedroom,2900.0,30000000,Rural,4,10344.827586206897
Vijayanagar,3 BHK,1500.0,7550000,Urban,3,5033.333333333333
Raja Rajeshwari Nagar,2 BHK,1295.0,4390000,Urban,2,3389.96138996139
Budigere,2 BHK,1162.0,5990000,Rural,2,5154.9053356282275
Sarjapur  Road,2 BHK,1035.0,4920000,Urban,2,4753.623188405797
Attibele,4 Bedroom,1600.0,5280000,Urban,4,3300.0
KUDLU MAIN ROAD,3 BHK,1464.0,4600000,Urban,3,3142.0765027322404
Hennur Road,3 BHK,1866.0,6158000,Rural,3,3300.10718113612
Geleyara Balaga Layout,2 BHK,700.0,2600000,Rural,2,3714.285714285714
Kalena Agrahara,3 BHK,1804.0,12000000,Rural,3,6651.884700665189
Sarjapur,2 BHK,913.0,3200000,Urban,2,3504.9288061336256
Talaghattapura,3 BHK,1868.0,13100000,Rural,3,7012.847965738758
Kengeri Satellite Town,2 BHK,883.0,4500000,Urban,2,5096.262740656852
Sundara Nagar,2 Bedroom,900.0,11000000,Rural,2,12222.222222222223
Kogilu,3 BHK,1664.0,7395000,Rural,3,4444.110576923077
Hegde Nagar,3 BHK,2026.0,13200000,Rural,3,6515.301085883514
Balagere,2 BHK,1210.0,8090000,Rural,2,6685.9504132231405
Meenakunte,4 Bedroom,4111.0,25000000,Rural,4,6081.24543906592
Kadugodi,3 BHK,1762.0,9145000,Rural,3,5190.124858115778
Jigani,3 BHK,1252.0,5500000,Rural,3,4392.97124600639
Gollarapalya Hosahalli,2 BHK,861.0,3450000,Rural,2,4006.968641114983
7th Phase JP Nagar,3 BHK,1420.0,10000000,Urban,3,7042.2535211267605
Srirampura,6 Bedroom,1450.0,25000000,Rural,6,17241.379310344826
Electronics City Phase 1,3 BHK,1490.0,7880000,Rural,3,5288.5906040268455
Bisuvanahalli,3 BHK,1075.0,4600000,Rural,3,4279.069767441861
Old Madras Road,3 BHK,1425.0,9400000,Rural,3,6596.491228070176
Kalena Agrahara,2 BHK,1200.0,4000000,Rural,2,3333.3333333333335
Kaggadasapura,3 BHK,1280.0,5600000,Urban,3,4375.0
Silver Springs Layout,2 BHK,1084.0,5000000,Rural,2,4612.546125461255
Chandapura,2 BHK,1015.0,2588000,Rural,2,2549.753694581281
Kanakpura Road,2 BHK,1017.0,5125000,Urban,2,5039.331366764995
Haralur Road,2 BHK,1027.0,4400000,Rural,2,4284.323271665044
Electronic City Phase II,2 BHK,1069.0,4500000,Urban,2,4209.541627689429
Hebbal,2 BHK,1349.0,9820000,Urban,2,7279.466271312083
9th Phase JP Nagar,2 BHK,1005.0,5000000,Urban,2,4975.124378109453
Jakkur,2 BHK,1417.0,7500000,Rural,2,5292.87226534933
TC Palaya,3 Bedroom,1475.0,9800000,Rural,3,6644.067796610169
Maruthi Sevanagar,2 BHK,950.0,4700000,Rural,2,4947.368421052632
RMV 2nd Stage,4 BHK,2000.0,12000000,Rural,4,6000.0
Giri Nagar,3 Bedroom,880.0,14000000,Rural,3,15909.09090909091
Giri Nagar,3 Bedroom,880.0,14000000,Urban,3,15909.09090909091
Sarjapur  Road,4 BHK,1863.0,10400000,Urban,4,5582.393988191089
Singasandra,2 BHK,1010.0,2950000,Urban,2,2920.792079207921
Kalena Agrahara,3 BHK,1425.0,7000000,Urban,3,4912.2807017543855
Vijayanagar,3 BHK,1450.0,10000000,Urban,3,6896.551724137931
Kothanur,3 BHK,1847.0,10500000,Urban,3,5684.89442338928
AECS Layout,2 BHK,1100.0,4500000,Urban,2,4090.909090909091
Kanakpura Road,1 BHK,525.0,2600000,Urban,1,4952.380952380952
Mallasandra,3 BHK,1665.0,9500000,Urban,3,5705.705705705705
Begur,4 BHK,1664.0,6500000,Urban,4,3906.25
JP Nagar,3 BHK,1850.0,15000000,Urban,3,8108.108108108108
Panathur,2 BHK,1438.0,10000000,Urban,2,6954.102920723227
Sunder Ram Shetty Nagar,3 BHK,1560.0,11500000,Urban,3,7371.794871794872
Yelahanka,2 BHK,1350.0,5555000,Urban,2,4114.814814814815
Kanakpura Road,3 BHK,1550.0,6700000,Urban,3,4322.580645161291
Malleshpalya,2 BHK,1140.0,4650000,Urban,2,4078.9473684210525
Srirampura,5 Bedroom,1200.0,18000000,Urban,5,15000.0
Kodathi,2 BHK,850.0,2700000,Urban,2,3176.470588235294
Whitefield,2 BHK,1280.0,7500000,Urban,2,5859.375
Munnekollal,2 BHK,1170.0,5200000,Urban,2,4444.444444444444
Motappa Layout,2 BHK,1113.0,5100000,Urban,2,4582.210242587601
Hennur Road,2 BHK,1385.0,8309000,Urban,2,5999.27797833935
Electronic City,2 BHK,1128.0,6500000,Urban,2,5762.41134751773
Marathahalli,2 Bedroom,1200.0,12800000,Urban,2,10666.666666666666
Akshaya Vana,4 Bedroom,1200.0,16500000,Urban,4,13750.0
Rajaji Nagar,3 BHK,2390.0,41500000,Urban,3,17364.016736401674
Giri Nagar,4 Bedroom,2400.0,40000000,Urban,4,16666.666666666668
Haralur Road,3 BHK,1464.0,5600000,Urban,3,3825.136612021858
Manayata Tech Park,2 BHK,1200.0,5500000,Urban,2,4583.333333333333
Kaval Byrasandra,2 BHK,1200.0,5200000,Urban,2,4333.333333333333
Kaggalipura,3 BHK,1150.0,5500000,Urban,3,4782.608695652174
Basavanna Nagar,3 BHK,1645.0,9500000,Urban,3,5775.075987841945
Sarjapur  Road,2 BHK,1000.0,6700000,Urban,2,6700.0
Haralur Road,4 Bedroom,2650.0,19800000,Urban,4,7471.698113207547
6th Phase JP Nagar,2 BHK,1192.0,7400000,Urban,2,6208.053691275168
Ulsoor,3 BHK,2135.0,21500000,Urban,3,10070.257611241217
Whitefield,2 BHK,1173.0,5800000,Urban,2,4944.58653026428
Uttarahalli,2 BHK,1020.0,4500000,Urban,2,4411.764705882353
Thigalarapalya,4 BHK,3122.0,23000000,Urban,4,7367.072389493914
Somasundara Palya,3 BHK,1600.0,6400000,Urban,3,4000.0
T.C PALYA,2 Bedroom,1200.0,7900000,Urban,2,6583.333333333333
Muneshwara Nagar,2 BHK,1230.0,4800000,Urban,2,3902.439024390244
 Devarachikkanahalli,2 BHK,1250.0,4000000,Urban,2,3200.0
Kalena Agrahara,2 BHK,1325.0,7600000,Urban,2,5735.8490566037735
7th Phase JP Nagar,3 BHK,1850.0,15000000,Urban,3,8108.108108108108
Kanakpura Road,1 BHK,525.0,2153000,Urban,1,4100.952380952381
Basaveshwara Nagar,2 BHK,1200.0,6500000,Urban,2,5416.666666666667
Bull Temple Road,3 Bedroom,1350.0,14000000,Urban,3,10370.37037037037
Bommasandra,3 BHK,1260.0,4936000,Urban,3,3917.4603174603176
Prashanth Nagar,3 BHK,1800.0,15000000,Urban,3,8333.333333333334
Suragajakkanahalli,3 Bedroom,11.0,7400000,Urban,3,672727.2727272727
Ardendale,2 BHK,1100.0,4325000,Urban,2,3931.818181818182
Harlur,2 BHK,1508.0,7700000,Urban,2,5106.100795755968
Sampigehalli,3 BHK,1592.0,7500000,Urban,3,4711.05527638191
Akshaya Nagar,2 BHK,1388.0,5700000,Urban,2,4106.628242074928
Electronic City Phase II,1 BHK,630.0,2835000,Urban,1,4500.0
RMV,3 Bedroom,2000.0,36500000,Urban,3,18250.0
Banashankari3rd stage bigbazar,3 BHK,1762.0,12500000,Urban,3,7094.211123723042
Bagalur Main Road,2 BHK,950.0,5000000,Urban,2,5263.1578947368425
Kodihalli,4 BHK,3252.0,33500000,Urban,4,10301.353013530135
Magadi Road,2 BHK,1116.0,5000000,Urban,2,4480.286738351255
Narayanapura,2 BHK,1308.0,8904000,Urban,2,6807.339449541284
MS Pallya,3 BHK,1200.0,9000000,Urban,3,7500.0
Binny Mills Employees Colony,4 Bedroom,1500.0,23000000,Urban,4,15333.333333333334
Bannerghatta Road,1 BHK,500.0,1850000,Urban,1,3700.0
Hennur,2 BHK,1075.0,5200000,Urban,2,4837.209302325581
Chandapura,1 BHK,530.0,1166000,Urban,1,2200.0
Bellandur,2 BHK,1205.0,6600000,Urban,2,5477.178423236514
5th Phase JP Nagar,2 BHK,1075.0,6000000,Urban,2,5581.395348837209
KR Puram,2 BHK,930.0,3900000,Urban,2,4193.548387096775
Balagere,2 BHK,1380.0,6000000,Urban,2,4347.826086956522
Hebbal,4 BHK,2483.0,21200000,Urban,4,8538.058799838904
Kodigehaali,2 BHK,1166.0,5500000,Urban,2,4716.981132075472
Bannerghatta Road,2 BHK,1050.0,6500000,Urban,2,6190.476190476191
Gopalapura,3 BHK,2023.71,27500000,Urban,3,13588.903548433324
Begur Road,2 BHK,1200.0,4680000,Urban,2,3900.0
Lakshminarayana Pura,3 BHK,1600.0,10800000,Urban,3,6750.0
Billekahalli,3 BHK,1935.0,11000000,Urban,3,5684.754521963824
8th Phase JP Nagar,1 BHK,451.0,2990000,Urban,1,6629.711751662971
Electronic City,3 BHK,1800.0,9500000,Urban,3,5277.777777777777
Jalahalli,3 BHK,1400.0,7700000,Urban,3,5500.0
Hegde Nagar,3 BHK,1801.0,11500000,Urban,3,6385.341476957246
Mahadevpura,2 BHK,1451.0,9000000,Urban,2,6202.618883528601
Anekal,2 Bedroom,1200.0,3600000,Urban,2,3000.0
Begur Road,2 BHK,1160.0,4400000,Urban,2,3793.103448275862
Kengeri,2 BHK,1000.0,2500000,Urban,2,2500.0
Kanakpura Road,2 BHK,950.0,4000000,Urban,2,4210.526315789473
"Hoodi Circle, ",3 BHK,1629.0,7900000,Urban,3,4849.600982197668
Vijayanagar,3 BHK,1580.0,13400000,Urban,3,8481.012658227848
Vijayanagar,3 BHK,1826.0,12100000,Urban,3,6626.506024096386
7th Phase JP Nagar,2 BHK,1245.0,9400000,Urban,2,7550.2008032128515
Raja Rajeshwari Nagar,2 BHK,1145.0,4579000,Urban,2,3999.126637554585
Sompura,2 BHK,825.0,3300000,Urban,2,4000.0
Yeshwanthpur,3 BHK,1693.0,10800000,Urban,3,6379.208505611341
Electronics City Phase 1,2 BHK,1113.27,5300000,Urban,2,4760.74986301616
Ashirvad Colony,2 BHK,1460.0,5800000,Urban,2,3972.6027397260273
Doddathoguru,2 BHK,1050.0,3200000,Urban,2,3047.6190476190477
Dodda Nekkundi,2 BHK,1260.0,5500000,Urban,2,4365.079365079365
K N Extension,6 BHK,700.0,12000000,Urban,6,17142.85714285714
Hosur Road,2 BHK,1656.0,12000000,Urban,2,7246.376811594203
Chandapura,3 BHK,1208.0,4500000,Urban,3,3725.1655629139073
Whitefield,3 BHK,1910.0,16100000,Urban,3,8429.319371727748
Whitefield,4 BHK,3252.0,23000000,Urban,4,7072.570725707257
Battarahalli,2 Bedroom,1200.0,6500000,Urban,2,5416.666666666667
Gokula Extension,4 BHK,1200.0,17500000,Urban,4,14583.333333333334
7th Phase JP Nagar,2 BHK,1175.0,8200000,Urban,2,6978.723404255319
Kamakshipalya,2 Bedroom,1000.0,16500000,Urban,2,16500.0
Bannerghatta Road,4 Bedroom,1200.0,12500000,Urban,4,10416.666666666666
Rajaji Nagar,3 BHK,2390.0,41000000,Urban,3,17154.81171548117
Rajaji Nagar,7 BHK,12000.0,220000000,Urban,7,18333.333333333332
Sultan Palaya,2 Bedroom,550.0,6200000,Urban,2,11272.727272727272
Sanne Amanikere,2 BHK,1185.0,3800000,Urban,2,3206.7510548523205
Kengeri,2 BHK,750.0,3800000,Urban,2,5066.666666666667
Mahalakshmi Layout,6 Bedroom,1200.0,25000000,Urban,6,20833.333333333332
Kanakpura Road,3 BHK,1550.0,6450000,Urban,3,4161.290322580645
Amco Colony,3 BHK,1760.0,8800000,Urban,3,5000.0
Billekahalli,2 BHK,1125.0,6200000,Urban,2,5511.111111111111
Nagarbhavi,3 Bedroom,1350.0,15000000,Urban,3,11111.111111111111
Anandapura,2 Bedroom,1000.0,5500000,Urban,2,5500.0
Bommasandra Industrial Area,2 BHK,1090.0,3148000,Urban,2,2888.0733944954127
TC Palaya,2 Bedroom,1200.0,6000000,Urban,2,5000.0
Budigere,3 BHK,1991.0,10300000,Urban,3,5173.279758915118
Bommasandra,2 BHK,1060.0,2650000,Urban,2,2500.0
Ambalipura,2 BHK,1105.0,7500000,Urban,2,6787.330316742082
Hoodi,2 BHK,985.0,6700000,Urban,2,6802.030456852792
Chandapura,6 Bedroom,1533.0,8500000,Urban,6,5544.683626875408
Balagere,3 BHK,1590.0,7900000,Urban,3,4968.553459119496
CV Raman Nagar,2 BHK,1120.0,5500000,Urban,2,4910.714285714285
Samethanahalli,2 BHK,1069.0,5500000,Urban,2,5144.9953227315245
Marathahalli,3 BHK,1933.0,14000000,Urban,3,7242.628039317124
Hosur Road,2 BHK,1194.0,6900000,Urban,2,5778.894472361809
Brookefield,2 BHK,1150.0,6900000,Urban,2,6000.0
Yelenahalli,2 BHK,1240.0,4712000,Urban,2,3800.0
Raja Rajeshwari Nagar,2 BHK,1419.0,4810000,Urban,2,3389.7110641296686
7th Phase JP Nagar,8 Bedroom,1200.0,25000000,Urban,8,20833.333333333332
Richmond Town,3 BHK,2150.0,24000000,Urban,3,11162.790697674418
Suddaguntepalya,3 BHK,1450.0,5500000,Urban,3,3793.103448275862
Udayapur Village,3 BHK,1630.0,6829000,Urban,3,4189.570552147239
Dasanapura,2 BHK,708.0,4000000,Urban,2,5649.717514124294
Kasavanhalli,3 Bedroom,1000.0,11000000,Urban,3,11000.0
Whitefield,4 Bedroom,11890.0,70000000,Urban,4,5887.300252312868
Bellandur,2 BHK,1250.0,7600000,Urban,2,6080.0
7th Phase JP Nagar,3 BHK,1400.0,9500000,Urban,3,6785.714285714285
Sarjapur  Road,3 BHK,1670.0,5700000,Urban,3,3413.1736526946106
Ardendale,3 BHK,1750.0,10000000,Urban,3,5714.285714285715
Vittasandra,2 BHK,1404.0,7100000,Urban,2,5056.980056980057
Hoodi,3 BHK,1715.0,9500000,Urban,3,5539.35860058309
Electronic City,1 BHK,630.0,3465000,Urban,1,5500.0
Harlur,3 BHK,1752.12,13500000,Urban,3,7704.951715635916
Hulimavu,3 BHK,1650.0,7800000,Urban,3,4727.272727272727
Raja Rajeshwari Nagar,2 BHK,1295.0,5547000,Urban,2,4283.397683397683
Giri Nagar,3 Bedroom,1800.0,25200000,Urban,3,14000.0
Sarjapur  Road,2 BHK,1346.0,7403000,Urban,2,5500.0
Thippasandra,4 Bedroom,1200.0,20000000,Urban,4,16666.666666666668
Hormavu,2 BHK,1150.0,5500000,Urban,2,4782.608695652174
Chikkabidarakallu,4 Bedroom,3309.0,32500000,Urban,4,9821.698398307646
Chandapura,3 BHK,1190.0,3035000,Urban,3,2550.4201680672268
AECS Layout,3 BHK,1620.0,9800000,Urban,3,6049.382716049383
Marathahalli,2 BHK,950.0,4696000,Urban,2,4943.1578947368425
1 Giri Nagar,11 BHK,5000.0,36000000,Urban,11,7200.0
Harlur,3 BHK,2450.0,12000000,Urban,3,4897.959183673469
Electronic City Phase II,3 BHK,1220.0,3523000,Urban,3,2887.7049180327867
Hoysalanagar,2 BHK,850.0,3000000,Urban,2,3529.4117647058824
Padmanabhanagar,2 BHK,1020.0,6300000,Urban,2,6176.470588235294
Chikkalasandra,2 BHK,1100.0,5000000,Urban,2,4545.454545454545
Defence Colony,2 BHK,1150.0,12600000,Urban,2,10956.521739130434
Hebbal,3 BHK,1760.0,13000000,Urban,3,7386.363636363636
Ambalipura,3 BHK,1800.0,11000000,Urban,3,6111.111111111111
Akshaya Nagar,2 BHK,1070.0,5400000,Urban,2,5046.728971962617
2nd Stage Nagarbhavi,4 Bedroom,1500.0,22000000,Urban,4,14666.666666666666
Vidyaranyapura,2 Bedroom,1440.0,9500000,Urban,2,6597.222222222223
Amruthahalli,2 BHK,900.0,4000000,Urban,2,4444.444444444444
ITI Employees Layout,4 BHK,1200.0,23000000,Urban,4,19166.666666666668
Whitefield,2 BHK,1130.0,4216000,Urban,2,3730.973451327434
Koramangala,2 BHK,1320.0,16500000,Urban,2,12500.0
Kodigehalli,2 BHK,1270.0,9800000,Urban,2,7716.535433070866
Patelappa Layout,2 BHK,1200.0,6200000,Urban,2,5166.666666666667
Ring Road Nagarbhavi,4 BHK,4800.0,23500000,Urban,4,4895.833333333333
NS Palya,2 BHK,1200.0,7400000,Urban,2,6166.666666666667
Subramanyapura,2 BHK,929.0,5017000,Urban,2,5400.4305705059205
RMV 2nd Stage,4 BHK,1150.0,26000000,Urban,4,22608.695652173912
Basavangudi,4 Bedroom,1125.0,18000000,Urban,4,16000.0
Kenchenahalli,5 Bedroom,500.0,6500000,Urban,5,13000.0
3rd Block Hrbr Layout,5 Bedroom,1200.0,19000000,Urban,5,15833.333333333334
KUDLU MAIN ROAD,3 BHK,1464.0,5600000,Urban,3,3825.136612021858
7th Phase JP Nagar,4 BHK,3600.0,40000000,Urban,4,11111.111111111111
Bank Avenue,4 Bedroom,2000.0,9900000,Urban,4,4950.0
Chikkalasandra,2 BHK,1208.0,4900000,Urban,2,4056.291390728477
Hebbal Kempapura,2 BHK,1130.0,6000000,Urban,2,5309.734513274337
Surabhi Layout,3 BHK,1753.0,12000000,Urban,3,6845.407872219053
Old Madras Road,5 BHK,4500.0,33700000,Urban,5,7488.888888888889
Banjara Layout,3 Bedroom,600.0,5800000,Urban,3,9666.666666666666
Hoodi,2 BHK,1196.0,9442000,Urban,2,7894.648829431439
5th Phase JP Nagar,2 BHK,1150.0,5250000,Urban,2,4565.217391304348
Electronic City,2 BHK,1128.0,6300000,Urban,2,5585.106382978724
Omkar Nagar,2 BHK,1000.0,5300000,Urban,2,5300.0
Yelahanka,2 BHK,1035.0,4500000,Urban,2,4347.826086956522
Kereguddadahalli,2 BHK,950.0,3200000,Urban,2,3368.4210526315787
Bisuvanahalli,3 BHK,1075.0,3600000,Urban,3,3348.8372093023254
Whitefield,2 BHK,1040.0,4850000,Urban,2,4663.461538461538
Maragondanahalli,2 Bedroom,720.0,4500000,Urban,2,6250.0
Lingadheeranahalli,3 BHK,1511.0,9500000,Urban,3,6287.22700198544
Silk Board,3 BHK,1300.0,5800000,Urban,3,4461.538461538462
Hoodi,3 BHK,1545.0,6875000,Urban,3,4449.838187702266
Shampura,1 BHK,375.0,2600000,Urban,1,6933.333333333333
Vidyaranyapura,2 BHK,1062.0,3800000,Urban,2,3578.154425612053
Kada Agrahara,2 BHK,1115.0,4000000,Urban,2,3587.4439461883408
JP Nagar,2 BHK,1000.0,3500000,Urban,2,3500.0
Kambipura,2 BHK,883.0,4500000,Urban,2,5096.262740656852
Sarjapur  Road,2 BHK,1195.0,7000000,Urban,2,5857.740585774059
BHEL Layout,4 Bedroom,1200.0,16500000,Urban,4,13750.0
Medahalli,1 Bedroom,700.0,4100000,Urban,1,5857.142857142857
Vittasandra,2 BHK,1246.0,6700000,Urban,2,5377.2070626003215
8th Phase JP Nagar,4 Bedroom,660.0,9000000,Urban,4,13636.363636363636
Banashankari Stage III,4 Bedroom,8500.0,14500000,Urban,4,1705.8823529411766
Kashi Nagar,4 BHK,1600.0,8000000,Urban,4,5000.0
Haralur Road,4 BHK,2805.0,15400000,Urban,4,5490.196078431372
Begur Road,3 BHK,1584.0,6500000,Urban,3,4103.535353535353
Sector 7 HSR Layout,4 Bedroom,3000.0,27500000,Urban,4,9166.666666666666
Hosur Road,3 BHK,1175.0,4800000,Urban,3,4085.1063829787236
"Yemlur, Old Airport Road, ",3 BHK,1595.0,11500000,Urban,3,7210.031347962383
VHBCS Layout,2 BHK,1353.0,11000000,Urban,2,8130.081300813008
Electronic City,3 BHK,1599.0,12500000,Urban,3,7817.385866166354
Whitefield,2 BHK,1150.0,7000000,Urban,2,6086.95652173913
Jakkur,4 BHK,5230.0,46500000,Urban,4,8891.013384321224
KR Puram,2 BHK,1155.0,4274000,Urban,2,3700.4329004329006
Ittamadu,1 BHK,1200.0,8500000,Urban,1,7083.333333333333
Electronic City Phase II,2 BHK,1000.0,2500000,Urban,2,2500.0
Thanisandra,4 BHK,3000.0,12000000,Urban,4,4000.0
Rajiv Nagar,3 BHK,1867.0,16000000,Urban,3,8569.89823245849
Ramagondanahalli,2 BHK,1251.0,4700000,Urban,2,3756.994404476419
Gattahalli,2 BHK,1028.0,4550000,Urban,2,4426.070038910506
Arekere,2 BHK,1222.0,4500000,Urban,2,3682.4877250409168
Bannerghatta Road,3 BHK,1170.0,6600000,Urban,3,5641.025641025641
Hebbal,3 BHK,2400.0,24500000,Urban,3,10208.333333333334
Ramanjaneyanagar,3 BHK,1385.0,4848000,Urban,3,3500.361010830325
HSR Layout,2 BHK,1372.0,6800000,Urban,2,4956.268221574344
Magadi Road,3 BHK,1282.0,4900000,Urban,3,3822.1528861154447
Mico Layout,9 BHK,5000.0,21000000,Urban,9,4200.0
7th Block Jayanagar,5 Bedroom,3000.0,52800000,Urban,5,17600.0
Kanakpura Road,2 BHK,1135.0,3973000,Urban,2,3500.4405286343613
Whitefield,3 BHK,1768.0,10100000,Urban,3,5712.669683257918
Byatarayanapura,3 BHK,1325.0,9000000,Urban,3,6792.452830188679
Electronic City,3 BHK,1599.0,9900000,Urban,3,6191.369606003753
Whitefield,3 Bedroom,1500.0,6195000,Urban,3,4130.0
2nd Phase JP Nagar,3 Bedroom,2610.0,49900000,Urban,3,19118.773946360154
Uttarahalli,2 BHK,1286.0,6300000,Urban,2,4898.9113530326595
Kammanahalli,5 BHK,2845.0,14000000,Urban,5,4920.91388400703
K G Colony,3 BHK,1600.0,5000000,Urban,3,3125.0
Hennur Road,2 BHK,1317.5,6377000,Urban,2,4840.2277039848195
Hebbal,3 BHK,3450.0,26000000,Urban,3,7536.231884057971
Munnekollal,2 BHK,1102.0,5367000,Urban,2,4870.235934664247
Yelahanka,2 BHK,1350.0,5400000,Urban,2,4000.0
Banashankari,3 BHK,1200.0,4200000,Urban,3,3500.0
Hosa Road,6 Bedroom,1300.0,14500000,Urban,6,11153.846153846154
Herohalli,2 Bedroom,1800.0,8000000,Urban,2,4444.444444444444
Chikkabanavar,2 BHK,950.0,4000000,Urban,2,4210.526315789473
Kanakpura Road,1 BHK,525.0,2725000,Urban,1,5190.476190476191
Attibele,2 BHK,656.0,2500000,Urban,2,3810.9756097560976
Marathahalli,4 Bedroom,1780.0,17500000,Urban,4,9831.460674157302
3rd Block Hrbr Layout,2 BHK,1056.0,8000000,Urban,2,7575.757575757576
Bannerghatta Road,1 BHK,595.0,3332000,Urban,1,5600.0
Ittamadu,2 BHK,1080.0,5000000,Urban,2,4629.62962962963
7th Phase JP Nagar,3 BHK,2225.0,16000000,Urban,3,7191.011235955056
Bommasandra,2 BHK,1126.0,2815000,Urban,2,2500.0
Electronics City Phase 1,3 BHK,1490.0,8400000,Urban,3,5637.583892617449
HRBR Layout,4 Bedroom,2000.0,30000000,Urban,4,15000.0
Sarjapur  Road,3 BHK,1550.0,10000000,Urban,3,6451.612903225807
Ashwini layout,2 BHK,1160.0,5500000,Urban,2,4741.379310344828
Whitefield,4 Bedroom,4144.0,31500000,Rural,4,7601.351351351352
Sarjapur  Road,3 BHK,2100.0,12500000,Urban,3,5952.380952380952
Vittasandra,2 BHK,1404.0,6930000,Rural,2,4935.897435897436
Sarjapur  Road,4 Bedroom,2230.0,22500000,Urban,4,10089.686098654709
Marathalli bridge,3 BHK,1544.0,12000000,Urban,3,7772.020725388601
Banashankari Stage III,3 BHK,1305.0,5870000,Rural,3,4498.08429118774
Marathahalli,2 BHK,1230.0,8000000,Urban,2,6504.065040650406
T.C PALYA,2 Bedroom,1200.0,6500000,Rural,2,5416.666666666667
Harlur,3 BHK,1460.0,7300000,Rural,3,5000.0
Gottigere,2 BHK,967.0,4500000,Rural,2,4653.567735263702
Byatarayanapura,1 Bedroom,540.0,3600000,Urban,1,6666.666666666667
Hormavu,1 BHK,715.0,4600000,Rural,1,6433.566433566433
Whitefield,3 BHK,2500.0,31300000,Rural,3,12520.0
Dooravani Nagar,3 BHK,1578.0,18000000,Urban,3,11406.84410646388
Mysore Road,2 BHK,1020.0,4895000,Urban,2,4799.019607843137
Jigani,2 BHK,1020.0,4000000,Rural,2,3921.5686274509803
Koramangala,2 BHK,1253.0,10200000,Rural,2,8140.462889066241
JCR Layout,2 BHK,1180.0,4200000,Urban,2,3559.322033898305
Nehru Nagar,2 BHK,961.0,3800000,Urban,2,3954.2143600416234
Kanakapura,3 BHK,1419.0,7500000,Urban,3,5285.412262156448
Harlur,3 BHK,1709.0,15000000,Rural,3,8777.062609713283
Papareddipalya,2 Bedroom,1600.0,11500000,Rural,2,7187.5
Venkatapura,1 BHK,416.0,1850000,Urban,1,4447.115384615385
Sanjay nagar,2 BHK,1100.0,9800000,Urban,2,8909.09090909091
HSR Layout,3 BHK,1430.0,6500000,Urban,3,4545.454545454545
Sneha Colony,2 BHK,1260.0,4500000,Urban,2,3571.4285714285716
RMV Extension,3 BHK,1630.0,8500000,Urban,3,5214.7239263803685
Sarjapur  Road,3 BHK,1249.0,4471000,Urban,3,3579.663730984788
Kalena Agrahara,3 BHK,1450.0,8500000,Urban,3,5862.068965517241
Konanakunte,3 BHK,2791.0,22300000,Rural,3,7989.967753493372
Hosapalya,1 BHK,600.0,9000000,Rural,1,15000.0
Ashwini layout,1 BHK,834.0,6000000,Urban,1,7194.244604316546
Doddagubbi,3 Bedroom,1125.0,7000000,Rural,3,6222.222222222223
Arekere,3 BHK,2060.0,14000000,Rural,3,6796.116504854369
Malleshwaram,7 BHK,12000.0,220000000,Rural,7,18333.333333333332
Gottigere,2 BHK,891.0,2500000,Rural,2,2805.8361391694725
Raja Rajeshwari Nagar,2 BHK,1133.0,4907000,Urban,2,4330.979699911739
Bisuvanahalli,3 BHK,1075.0,3700000,Urban,3,3441.860465116279
Sector 6 HSR Layout,4 BHK,3000.0,26000000,Urban,4,8666.666666666666
Brookefield,4 Bedroom,2440.0,42500000,Rural,4,17418.032786885247
Vidyaranyapura,2 BHK,1200.0,5500000,Urban,2,4583.333333333333
Thanisandra,2 BHK,1075.0,4580000,Rural,2,4260.46511627907
Kaggadasapura,2 BHK,1140.0,4000000,Urban,2,3508.7719298245615
Margondanahalli,5 Bedroom,940.0,15000000,Urban,5,15957.446808510638
ITI Layout,6 Bedroom,2160.0,25000000,Urban,6,11574.074074074075
Raja Rajeshwari Nagar,2 BHK,1090.0,4200000,Urban,2,3853.211009174312
R.T. Nagar,4 Bedroom,1500.0,7000000,Urban,4,4666.666666666667
Whitefield,4 BHK,4104.0,36000000,Rural,4,8771.929824561403
Whitefield,3 BHK,1790.0,10000000,Rural,3,5586.592178770949
Hebbal,3 BHK,1920.0,13400000,Rural,3,6979.166666666667
HRBR Layout,2 BHK,1374.0,9500000,Urban,2,6914.1193595342065
Bannerghatta Road,3 BHK,1445.0,9500000,Urban,3,6574.39446366782
Kanakapura,1 BHK,711.0,3600000,Urban,1,5063.291139240507
Tumkur Road,3 BHK,1500.0,9500000,Urban,3,6333.333333333333
Whitefield,3 BHK,1720.0,10000000,Rural,3,5813.953488372093
Vasanthapura,3 BHK,1400.0,6000000,Urban,3,4285.714285714285
Kundalahalli,2 BHK,1030.0,4900000,Urban,2,4757.281553398058
Mysore Road,2 BHK,1200.0,8500000,Urban,2,7083.333333333333
Hosahalli,3 BHK,1375.0,7000000,Urban,3,5090.909090909091
Hegde Nagar,2 Bedroom,1050.0,5600000,Urban,2,5333.333333333333
Jalahalli,3 BHK,2250.0,16000000,Urban,3,7111.111111111111
Bellandur,2 BHK,1000.0,5000000,Rural,2,5000.0
Jalahalli West,1 BHK,469.0,2500000,Urban,1,5330.490405117271
Marathahalli,4 BHK,3800.0,25000000,Urban,4,6578.9473684210525
Kambipura,2 BHK,883.0,2900000,Urban,2,3284.2582106455266
GM Palaya,3 BHK,1820.0,8600000,Rural,3,4725.274725274725
Singasandra,3 BHK,1440.0,6500000,Rural,3,4513.888888888889
near Ramanashree California resort,6 BHK,3600.0,16000000,Rural,6,4444.444444444444
Malleshwaram,4 BHK,2500.0,32500000,Rural,4,13000.0
Mahadevpura,2 BHK,1225.0,4800000,Urban,2,3918.3673469387754
"6th block banashankari 3rd stage, 100 feet ORR",3 Bedroom,4000.0,66000000,Rural,3,16500.0
Chikkalasandra,2 BHK,875.0,5280000,Rural,2,6034.285714285715
Jalahalli East,1 BHK,750.0,4000000,Urban,1,5333.333333333333
6th Phase JP Nagar,2 BHK,1180.0,8000000,Urban,2,6779.661016949152
Haralur Road,2 BHK,1194.0,4700000,Urban,2,3936.348408710218
Hennur Road,3 BHK,1500.0,6200000,Urban,3,4133.333333333333
Poornapragna Housing Society Layout,2 BHK,1160.0,5220000,Urban,2,4500.0
Hosakerehalli,3 BHK,2378.0,26200000,Urban,3,11017.661900756939
Sarjapur,2 BHK,1128.0,6000000,Rural,2,5319.148936170212
Hebbal,3 BHK,1500.0,15000000,Rural,3,10000.0
Huskur,3 BHK,1220.0,3523000,Rural,3,2887.7049180327867
Sarjapur  Road,2 BHK,1210.0,5800000,Urban,2,4793.388429752066
Kanakpura Road,3 BHK,1100.0,5800000,Urban,3,5272.727272727273
Bommasandra,3 BHK,1200.0,4600000,Rural,3,3833.3333333333335
Haralur Road,4 BHK,3385.0,26000000,Urban,4,7680.945347119646
Nagondanahalli,3 BHK,1641.0,6600000,Urban,3,4021.9378427787933
Horamavu Agara,2 BHK,1200.0,4500000,Rural,2,3750.0
Raja Rajeshwari Nagar,2 BHK,1260.0,6739000,Urban,2,5348.412698412699
Mahadevpura,3 BHK,1720.0,7800000,Urban,3,4534.883720930233
Yelahanka,2 BHK,1132.5,4813000,Rural,2,4249.889624724062
Yelahanka,2 BHK,1210.0,4598000,Rural,2,3800.0
Indira Nagar,4 Bedroom,2200.0,20000000,Urban,4,9090.90909090909
Bisuvanahalli,3 BHK,1075.0,4500000,Urban,3,4186.046511627907
Thanisandra,3 BHK,1702.0,13000000,Rural,3,7638.07285546416
Shanthala Nagar,2 BHK,1630.0,20000000,Urban,2,12269.938650306749
Raja Rajeshwari Nagar,2 BHK,1141.0,3855000,Urban,2,3378.615249780894
Shantiniketan Layout,3 BHK,2072.0,10800000,Urban,3,5212.355212355213
JP Nagar,5 BHK,5520.0,37500000,Urban,5,6793.478260869565
Herohalli,3 Bedroom,1200.0,7000000,Urban,3,5833.333333333333
Teachers Colony,3 BHK,1350.0,7700000,Urban,3,5703.7037037037035
Bettahalsoor,4 Bedroom,4046.0,44500000,Rural,4,10998.517053880376
Srinivasa Nagar,3 BHK,1180.0,7834000,Urban,3,6638.983050847458
Yelahanka,3 BHK,35000.0,13000000,Rural,3,371.42857142857144
Langford Town,2 BHK,1355.0,11500000,Urban,2,8487.084870848708
Sulthangunta,1 Bedroom,600.0,5000000,Rural,1,8333.333333333334
Hormavu,7 Bedroom,1200.0,15000000,Rural,7,12500.0
Bannerghatta Road,3 BHK,1640.0,12000000,Urban,3,7317.073170731707
Byrathi Village,5 Bedroom,1200.0,10000000,Rural,5,8333.333333333334
Kodichikkanahalli,3 BHK,1190.0,5700000,Urban,3,4789.915966386555
OMBR Layout,4 Bedroom,2400.0,37500000,Urban,4,15625.0
Marathahalli,2 BHK,1019.0,4985000,Urban,2,4892.051030421982
Ambedkar Colony,3 BHK,1875.0,16500000,Urban,3,8800.0
Akshaya Nagar,3 BHK,1250.0,4000000,Urban,3,3200.0
Brookefield,3 Bedroom,1200.0,14000000,Rural,3,11666.666666666666
Whitefield,2 BHK,1140.0,5600000,Rural,2,4912.2807017543855
Lingadheeranahalli,3 BHK,1683.0,10900000,Urban,3,6476.5300059417705
Kaggadasapura,3 BHK,1515.0,8330000,Urban,3,5498.349834983498
Hoodi,4 BHK,2118.0,11100000,Rural,4,5240.793201133144
Bannerghatta Road,4 Bedroom,1380.0,5800000,Urban,4,4202.898550724638
Varthur Road,2 BHK,1083.0,6175000,Urban,2,5701.754385964912
Anjappa Layout,2 Bedroom,600.0,5500000,Urban,2,9166.666666666666
Avalahalli,3 BHK,2300.0,12000000,Urban,3,5217.391304347826
Prakruthi Nagar,2 BHK,1240.0,6000000,Urban,2,4838.709677419355
Surabhi Layout,3 BHK,1750.0,12000000,Urban,3,6857.142857142857
Sadaramangala,2 BHK,1230.0,4348000,Rural,2,3534.959349593496
Anjanapura,3 Bedroom,1500.0,13900000,Urban,3,9266.666666666666
Abbigere,2 BHK,985.0,4039000,Rural,2,4100.507614213198
Tindlu,3 Bedroom,1500.0,8700000,Rural,3,5800.0
Electronic City,2 BHK,1125.0,3249000,Rural,2,2888.0
Maruthi Sevanagar,2 BHK,950.0,4400000,Urban,2,4631.578947368421
JP Nagar,5 BHK,5600.0,54850000,Urban,5,9794.642857142857
Kothanur,3 BHK,1580.0,7600000,Rural,3,4810.126582278481
B Narayanapura,3 Bedroom,1092.0,9850000,Urban,3,9020.14652014652
Electronic City Phase II,2 BHK,1090.0,2834000,Urban,2,2600.0
Hennur Road,3 Bedroom,2264.0,15900000,Urban,3,7022.968197879859
Dommasandra,3 BHK,1033.0,2553000,Rural,3,2471.4424007744433
Kammasandra,2 BHK,810.0,2450000,Rural,2,3024.6913580246915
Green Garden Layout,2 BHK,1045.0,4500000,Urban,2,4306.2200956937795
Hebbal,2 BHK,1337.0,8200000,Rural,2,6133.1338818249815
Chandapura,2 BHK,1200.0,3200000,Urban,2,2666.6666666666665
Koramangala,3 BHK,1580.0,16000000,Rural,3,10126.582278481013
Begur Road,3 BHK,1500.0,5400000,Urban,3,3600.0
Whitefield,3 BHK,1640.0,9100000,Rural,3,5548.780487804878
Silver Springs Layout,3 BHK,1570.0,6200000,Urban,3,3949.044585987261
Gubbalala,3 BHK,1470.0,8200000,Rural,3,5578.231292517007
Kengeri,2 BHK,1160.0,4061000,Rural,2,3500.862068965517
7th Phase JP Nagar,2 BHK,1050.0,7100000,Urban,2,6761.9047619047615
Dairy Circle,3 BHK,1855.0,22500000,Rural,3,12129.380053908355
Bannerghatta Road,3 BHK,1460.0,9000000,Urban,3,6164.3835616438355
Hulimavu,3 BHK,1823.0,10000000,Rural,3,5485.463521667581
Electronic City,2 BHK,1094.0,4200000,Rural,2,3839.1224862888484
Budigere,2 BHK,1153.0,5700000,Rural,2,4943.625325238509
Hoysalanagar,3 BHK,1325.0,5700000,Urban,3,4301.88679245283
Parappana Agrahara,4 Bedroom,1200.0,8500000,Urban,4,7083.333333333333
Jakkur,3 BHK,1590.0,12500000,Rural,3,7861.635220125786
Jeevan bima nagar,5 Bedroom,1210.0,16000000,Urban,5,13223.140495867769
Raja Rajeshwari Nagar,4 Bedroom,1200.0,22000000,Urban,4,18333.333333333332
Narayana Nagar 1st Block,2 BHK,1202.0,4800000,Urban,2,3993.3444259567386
Haralur Road,2 BHK,1202.0,5300000,Urban,2,4409.317803660566
KSRTC Layout,2 BHK,1200.0,6250000,Urban,2,5208.333333333333
Panathur,3 BHK,1688.0,11800000,Rural,3,6990.521327014218
Kaval Byrasandra,2 BHK,1020.0,5200000,Rural,2,5098.0392156862745
Sarjapur,2 BHK,1185.0,4700000,Rural,2,3966.2447257383965
Ramagondanahalli,2 BHK,1235.0,5204000,Urban,2,4213.765182186235
Hosakerehalli,4 BHK,3205.0,50000000,Urban,4,15600.624024960998
Banashankari,2 BHK,1077.0,3764000,Rural,2,3494.8932219127205
Kengeri Satellite Town,3 BHK,1415.0,6600000,Urban,3,4664.310954063604
EPIP Zone,3 BHK,2330.0,16200000,Rural,3,6952.789699570815
Whitefield,2 BHK,805.0,3500000,Rural,2,4347.826086956522
P&T Colony,1 BHK,425.0,2003000,Urban,1,4712.941176470588
Whitefield,2 BHK,1155.0,5995000,Rural,2,5190.476190476191
Cunningham Road,4 BHK,5270.0,125000000,Urban,4,23719.165085388995
Anekal,2 BHK,656.0,2200000,Rural,2,3353.6585365853657
New Gurappana Palya,2 BHK,1100.0,4800000,Rural,2,4363.636363636364
Mahadevpura,2 BHK,1150.0,5200000,Urban,2,4521.739130434783
Chelekare,1 Bedroom,600.0,6000000,Rural,1,10000.0
Ambedkar Colony,2 BHK,1468.0,14000000,Urban,2,9536.784741144415
Palanahalli,4 Bedroom,4300.0,55000000,Urban,4,12790.697674418605
Whitefield,3 BHK,2280.0,12600000,Rural,3,5526.315789473684
Hegde Nagar,2 BHK,1341.0,9700000,Urban,2,7233.407904548844
Jakkur,2 BHK,1279.0,7700000,Rural,2,6020.3283815480845
Electronic City Phase II,4 BHK,2225.0,9888000,Urban,4,4444.044943820225
Thanisandra,2 BHK,1185.0,4351000,Rural,2,3671.7299578059074
Vadarpalya,3 BHK,1750.0,8500000,Rural,3,4857.142857142857
Kudlu,2 BHK,1152.0,5350000,Rural,2,4644.097222222223
Shivanagar,5 Bedroom,1000.0,16000000,Urban,5,16000.0
Hulimavu,2 BHK,1300.0,3600000,Rural,2,2769.230769230769
Varthur Road,4 Bedroom,2760.0,15500000,Urban,4,5615.942028985507
5th Phase JP Nagar,2 BHK,1070.0,3900000,Urban,2,3644.8598130841124
Uttarahalli,2 BHK,1101.0,4500000,Urban,2,4087.193460490463
V.V Puram,2 BHK,775.0,5500000,Urban,2,7096.774193548387
Yeshwanthpur,1 BHK,667.0,3685000,Rural,1,5524.737631184408
Electronic City,2 BHK,1070.0,5500000,Rural,2,5140.186915887851
Old Airport Road,3 BHK,1875.0,11000000,Urban,3,5866.666666666667
Kundalahalli,2 BHK,735.0,5799000,Urban,2,7889.7959183673465
Sarjapur,5 Bedroom,4360.0,9000000,Rural,5,2064.2201834862385
Koramangala,3 BHK,1750.0,13000000,Rural,3,7428.571428571428
Marathahalli,2 BHK,1215.0,6700000,Urban,2,5514.40329218107
Sector 3 HSR Layout,9 Bedroom,600.0,19000000,Urban,9,31666.666666666668
Vishwapriya Layout,2 BHK,820.0,3000000,Urban,2,3658.5365853658536
Banashankari Stage VI,2 BHK,1177.5,5993500,Rural,2,5090.0212314225055
Battarahalli,3 BHK,1779.0,8961000,Urban,3,5037.099494097808
HMT Layout,2 BHK,1105.0,5800000,Urban,2,5248.868778280543
Whitefield,3 BHK,1650.0,6000000,Rural,3,3636.3636363636365
Jalahalli,2 BHK,1694.0,15000000,Urban,2,8854.78158205431
Hosakerehalli,3 BHK,2376.0,20300000,Urban,3,8543.771043771043
Cox Town,3 BHK,1975.0,15000000,Urban,3,7594.93670886076
Kammasandra,2 BHK,674.0,3300000,Rural,2,4896.142433234421
Kaggadasapura,2 BHK,1185.0,4100000,Urban,2,3459.915611814346
 Thanisandra,1 RK,445.0,2800000,Rural,1,6292.134831460674
Mylasandra,6 Bedroom,900.0,7600000,Rural,6,8444.444444444445
HSR Layout,3 BHK,1475.0,7500000,Urban,3,5084.745762711865
Gottigere,3 BHK,1618.0,8250000,Rural,3,5098.887515451174
Koramangala,2 BHK,1120.0,6500000,Rural,2,5803.571428571428
Marathahalli,4 BHK,2181.0,15200000,Urban,4,6969.280146721688
Vidyaranyapura,4 Bedroom,1200.0,9000000,Urban,4,7500.0
Nagondanahalli,6 Bedroom,600.0,6500000,Urban,6,10833.333333333334
Bannerghatta Road,3 BHK,1556.0,5913000,Urban,3,3800.1285347043704
Bannerghatta Road,2 BHK,1179.0,6602000,Urban,2,5599.660729431722
Thanisandra,2 BHK,1296.0,8300000,Rural,2,6404.320987654321
Kaggadasapura,2 BHK,1275.0,5200000,Urban,2,4078.4313725490197
Kalasipalya,7 Bedroom,1875.0,30000000,Rural,7,16000.0
Kathriguppe,3 BHK,1400.0,7700000,Rural,3,5500.0
Gottigere,2 BHK,1222.0,6300000,Rural,2,5155.482815057283
Electronic City,2 BHK,940.0,4100000,Rural,2,4361.702127659574
Thanisandra,2 BHK,1185.0,4260000,Rural,2,3594.9367088607596
Tumkur Road,3 BHK,1779.0,11200000,Urban,3,6295.6717256885895
Begur Road,3 BHK,1615.0,5976000,Urban,3,3700.30959752322
JP Nagar,4 BHK,4624.5,45300000,Urban,4,9795.653584171261
Haralur Road,2 BHK,1056.0,6100000,Urban,2,5776.515151515152
7th Phase JP Nagar,2 BHK,1100.0,4600000,Urban,2,4181.818181818182
Arekere,2 BHK,920.0,4000000,Rural,2,4347.826086956522
ITI Layout,3 BHK,1602.0,7500000,Urban,3,4681.647940074907
Padmanabhanagar,2 BHK,1176.0,6200000,Urban,2,5272.108843537415
HBR Layout,4 Bedroom,675.0,5900000,Urban,4,8740.74074074074
Richmond Town,3 BHK,1352.0,13500000,Urban,3,9985.207100591717
Kasavanhalli,3 BHK,1717.0,9900000,Urban,3,5765.87070471753
4 Bedroom Farm House in Bagalur,4 Bedroom,10961.0,8000000,Rural,4,729.8604141957851
Bhoganhalli,4 BHK,2119.0,11100000,Urban,4,5238.319962246343
Vittasandra,2 BHK,1246.0,6730000,Rural,2,5401.284109149277
Anandapura,2 BHK,1141.0,4279000,Urban,2,3750.219106047327
Hennur Road,2 BHK,1157.0,8400000,Urban,2,7260.155574762316
Chandapura,2 BHK,1025.0,2768000,Urban,2,2700.487804878049
Yelahanka New Town,1 BHK,650.0,3300000,Urban,1,5076.923076923077
Hebbal,2 BHK,1349.0,9800000,Rural,2,7264.6404744255005
Narayanapura,3 BHK,1566.0,8330000,Urban,3,5319.284802043423
Sahakara Nagar,4 BHK,2830.0,19500000,Urban,4,6890.459363957597
Electronic City,3 BHK,1320.0,3813000,Rural,3,2888.6363636363635
manyata park,3 BHK,1780.0,8483000,Rural,3,4765.730337078651
Varthur,2 BHK,1091.0,3490000,Rural,2,3198.9000916590285
Rachenahalli,4 BHK,3670.0,30000000,Urban,4,8174.386920980926
7th Phase JP Nagar,2 BHK,918.0,5049000,Urban,2,5500.0
Yeshwanthpur,4 BHK,1950.0,13000000,Rural,4,6666.666666666667
Panathur,3 BHK,1695.0,9000000,Rural,3,5309.734513274337
Yelahanka,3 BHK,1705.0,9500000,Rural,3,5571.847507331378
Kalyan nagar,3 BHK,1375.0,7500000,Urban,3,5454.545454545455
Kanakpura Road,1 BHK,525.0,3000000,Urban,1,5714.285714285715
Whitefield,2 BHK,1447.0,8300000,Rural,2,5736.005528680028
Thanisandra,2 BHK,1114.0,3900000,Rural,2,3500.8976660682224
7th Phase JP Nagar,3 BHK,1450.0,10000000,Urban,3,6896.551724137931
Belathur,2 BHK,460.0,1500000,Rural,2,3260.8695652173915
Vasanthapura,2 BHK,1022.0,4000000,Urban,2,3913.894324853229
Hebbal,2 BHK,1000.0,4500000,Rural,2,4500.0
Electronic City,2 BHK,1128.0,6875000,Rural,2,6094.858156028369
Kanakpura Road,2 BHK,1180.0,5700000,Urban,2,4830.5084745762715
TC Palaya,6 Bedroom,1000.0,6900000,Rural,6,6900.0
Nagarbhavi,2 Bedroom,1200.0,15000000,Urban,2,12500.0
Sadashiva Nagar,3 BHK,3761.0,66000000,Urban,3,17548.524328636002
Kanakpura Road,2 BHK,1339.0,7500000,Urban,2,5601.194921583271
Yelachenahalli,3 BHK,1400.0,5500000,Urban,3,3928.5714285714284
7th Phase JP Nagar,2 BHK,1040.0,3952000,Urban,2,3800.0
Kadugodi,2 BHK,1198.0,5800000,Rural,2,4841.402337228715
Shirdi Sai Layout,4 Bedroom,1200.0,9500000,Urban,4,7916.666666666667
Sarjapur  Road,3 BHK,1691.0,11300000,Urban,3,6682.436428149024
Bisuvanahalli,3 BHK,1075.0,3600000,Urban,3,3348.8372093023254
1st Block Jayanagar,3 BHK,1630.0,19400000,Urban,3,11901.840490797545
8th Phase JP Nagar,3 BHK,1240.0,4350000,Urban,3,3508.064516129032
Bannerghatta Road,2 BHK,1122.5,5893500,Urban,2,5250.334075723831
Mallasandra,3 BHK,1665.0,8658000,Rural,3,5200.0
Marathahalli,3 BHK,2489.0,9400000,Urban,3,3776.6171153073524
Brookefield,2 BHK,1142.0,7000000,Rural,2,6129.5971978984235
Kodbisanhalli,3 BHK,1976.0,18400000,Urban,3,9311.74089068826
Sathya Sai Layout,4 Bedroom,5500.0,60000000,Urban,4,10909.09090909091
Kothannur,3 BHK,1853.0,8200000,Rural,3,4425.256341068538
Vijayanagar,8 Bedroom,600.0,7200000,Urban,8,12000.0
Kasturi Nagar,2 BHK,1567.0,9200000,Urban,2,5871.091257179323
Talaghattapura,2 BHK,1090.0,2724000,Urban,2,2499.0825688073396
Raja Rajeshwari Nagar,6 Bedroom,1200.0,12500000,Urban,6,10416.666666666666
Indiranagar HAL 2nd Stage,4 Bedroom,2400.0,64000000,Urban,4,26666.666666666668
Electronics City Phase 1,2 BHK,1175.0,5147000,Urban,2,4380.425531914893
Subramanyapura,2 BHK,1200.0,5200000,Urban,2,4333.333333333333
Kodichikkanahalli,2 BHK,995.0,4100000,Urban,2,4120.603015075377
Magadi Road,2 BHK,884.0,4110000,Urban,2,4649.321266968326
Vishwanatha Nagenahalli,5 Bedroom,900.0,8000000,Urban,5,8888.888888888889
Yeshwanthpur,2 BHK,1170.0,5700000,Rural,2,4871.794871794872
KR Puram,2 BHK,1225.0,4655000,Urban,2,3800.0
Electronic City,2 BHK,1342.0,7330000,Rural,2,5461.997019374068
Uttarahalli,2 BHK,1345.0,6700000,Urban,2,4981.412639405205
Kodigehaali,3 BHK,1320.0,6500000,Rural,3,4924.242424242424
Raja Rajeshwari Nagar,2 BHK,1140.0,4939000,Urban,2,4332.456140350877
Battarahalli,2 BHK,1300.0,5000000,Urban,2,3846.153846153846
Hosa Road,3 BHK,1652.0,8500000,Urban,3,5145.2784503631965
Thigalarapalya,3 BHK,2072.0,14200000,Rural,3,6853.281853281854
Arekere,3 BHK,1740.0,9500000,Rural,3,5459.770114942528
Electronic City,3 BHK,1360.0,7100000,Rural,3,5220.588235294118
Hosur Road,3 BHK,1145.0,6000000,Urban,3,5240.174672489083
Uttarahalli,3 BHK,1540.0,4000000,Urban,3,2597.4025974025976
Sarjapur  Road,2 BHK,1278.0,9500000,Urban,2,7433.489827856025
Electronic City Phase II,1 BHK,630.0,4000000,Urban,1,6349.206349206349
Kanakpura Road,3 BHK,1100.0,5800000,Urban,3,5272.727272727273
Bendiganahalli,3 Bedroom,1200.0,9500000,Urban,3,7916.666666666667
Hosakerehalli Layout,7 Bedroom,2500.0,11500000,Urban,7,4600.0
Chandapura,1 BHK,582.5,1513500,Urban,1,2598.283261802575
Chandapura,2 BHK,1015.0,2588000,Rural,2,2549.753694581281
Hosur Road,5 Bedroom,3300.0,24000000,Urban,5,7272.727272727273
Basaveshwara Nagar,5 Bedroom,4500.0,41500000,Urban,5,9222.222222222223
Gunjur,3 BHK,1356.0,6600000,Urban,3,4867.256637168141
Hennagara,2 BHK,823.0,2800000,Rural,2,3402.187120291616
TC Palaya,3 Bedroom,1200.0,6600000,Urban,3,5500.0
Ramamurthy Nagar,2 BHK,1050.0,3700000,Urban,2,3523.809523809524
Ferrar Nagar,2 BHK,1180.0,6900000,Urban,2,5847.457627118644
Whitefield,2 BHK,1116.0,5191000,Urban,2,4651.433691756272
7th Phase JP Nagar,2 BHK,1070.0,4279000,Urban,2,3999.0654205607475
Varthur,2 BHK,1385.0,8000000,Urban,2,5776.173285198556
Varthur,1 Bedroom,1000.0,7000000,Urban,1,7000.0
Whitefield,3 BHK,1897.0,13000000,Urban,3,6852.925672113864
Magadi Road,2 BHK,1005.0,5578000,Urban,2,5550.248756218905
Green Glen Layout,3 BHK,1575.0,12500000,Urban,3,7936.507936507936
Subramanyapura,2 BHK,975.0,6500000,Urban,2,6666.666666666667
Hennur Road,3 BHK,1904.0,12000000,Urban,3,6302.5210084033615
Kengeri Satellite Town,1 BHK,930.0,3000000,Urban,1,3225.8064516129034
Kanakpura Road,1 BHK,525.0,2600000,Urban,1,4952.380952380952
BAGUR,1 BHK,686.0,1700000,Rural,1,2478.134110787172
Electronic City Phase II,2 Bedroom,2400.0,15000000,Urban,2,6250.0
8th block Koramangala,2 Bedroom,1410.0,23300000,Urban,2,16524.822695035462
Sarjapur  Road,3 Bedroom,2238.0,14000000,Urban,3,6255.585344057194
Harlur,2 BHK,1174.0,6900000,Urban,2,5877.342419080068
Thubarahalli,4 Bedroom,3800.0,23900000,Urban,4,6289.473684210527
Whitefield,3 BHK,2225.0,12500000,Urban,3,5617.9775280898875
M.G Road,2 BHK,1250.0,20000000,Urban,2,16000.0
Jigani,2 BHK,918.0,5200000,Rural,2,5664.488017429194
Mahadevpura,2 BHK,1250.0,5200000,Urban,2,4160.0
Sarjapur  Road,3 BHK,1800.0,11000000,Urban,3,6111.111111111111
Marathahalli,2 BHK,1170.0,5300000,Urban,2,4529.91452991453
Byatarayanapura,1 BHK,1300.0,20000000,Urban,1,15384.615384615385
Bannerghatta Road,2 BHK,793.0,4500000,Urban,2,5674.653215636822
Jakkur,3 BHK,1710.0,10700000,Urban,3,6257.309941520468
Kambipura,3 BHK,1082.0,5750000,Rural,3,5314.232902033272
Naganathapura,2 BHK,1001.0,3303000,Urban,2,3299.7002997002996
Srinivasa Nagar,4 Bedroom,1500.0,18000000,Urban,4,12000.0
Yelahanka,3 BHK,1590.0,5400000,Urban,3,3396.2264150943397
Basavanagara,3 BHK,2400.0,8000000,Urban,3,3333.3333333333335
Horamavu Banaswadi,3 BHK,1554.0,5500000,Urban,3,3539.253539253539
Thanisandra,2 BHK,1142.5,4341500,Urban,2,3800.0
Bellandur,5 BHK,4239.0,42300000,Urban,5,9978.768577494691
Konanakunte,2 Bedroom,884.0,5800000,Urban,2,6561.085972850678
Hosa Road,2 BHK,1045.0,9889000,Urban,2,9463.157894736842
Marathahalli,2 BHK,1019.0,4986000,Urban,2,4893.032384690873
Ambedkar Nagar,3 BHK,1935.0,13000000,Urban,3,6718.3462532299745
Uttarahalli,3 BHK,1135.0,3973000,Urban,3,3500.4405286343613
Lakshminarayana Pura,3 BHK,1680.0,15000000,Urban,3,8928.57142857143
Hebbal,4 BHK,2470.0,24700000,Urban,4,10000.0
1st Phase JP Nagar,4 BHK,2825.0,25000000,Urban,4,8849.557522123894
Hosakerehalli,3 BHK,2480.0,33000000,Urban,3,13306.451612903225
5th Phase JP Nagar,9 Bedroom,1260.0,29000000,Urban,9,23015.873015873014
Ramamurthy Nagar,5 Bedroom,1800.0,18700000,Urban,5,10388.888888888889
Kasavanhalli,3 BHK,1799.0,9000000,Urban,3,5002.77932184547
Whitefield,4 Bedroom,4348.5,30400000,Urban,4,6990.916407956766
Attibele,1 BHK,400.0,1100000,Rural,1,2750.0
Kundalahalli,2 BHK,1047.0,8200000,Urban,2,7831.900668576886
Kaverappa Layout,2 BHK,1282.0,8700000,Urban,2,6786.271450858035
NGR Layout,2 BHK,1020.0,4590000,Urban,2,4500.0
Kammanahalli,4 Bedroom,1080.0,15500000,Urban,4,14351.851851851852
Whitefield,2 BHK,1495.0,7950000,Urban,2,5317.725752508361
Kasavanhalli,4 Bedroom,3260.0,24000000,Urban,4,7361.963190184049
Divya Unnathi Layout,3 BHK,1611.0,6444000,Urban,3,4000.0
Koramangala,4 BHK,3500.0,42500000,Urban,4,12142.857142857143
Vasantha Vallabha Nagar,3 Bedroom,1500.0,9500000,Urban,3,6333.333333333333
Sahakara Nagar,3 BHK,1500.0,9500000,Urban,3,6333.333333333333
Yelahanka,4 Bedroom,3206.0,27000000,Urban,4,8421.70929507174
Uttarahalli,3 BHK,1540.0,5000000,Urban,3,3246.753246753247
Hosa Road,3 BHK,1639.0,8000000,Urban,3,4881.0250152532035
Marathahalli,4 Bedroom,700.0,7200000,Urban,4,10285.714285714286
Raja Rajeshwari Nagar,2 BHK,1303.0,5579000,Urban,2,4281.657712970069
Koramangala,2 BHK,1005.0,11000000,Urban,2,10945.273631840795
Kammasandra,1 BHK,657.5,1841000,Rural,1,2800.0
Chandapura,3 BHK,1305.0,3328000,Rural,3,2550.191570881226
Kothannur,3 Bedroom,600.0,9500000,Urban,3,15833.333333333334
sapthagiri Layout,2 BHK,1300.0,11500000,Urban,2,8846.153846153846
Brookefield,3 BHK,1440.0,6800000,Urban,3,4722.222222222223
Seegehalli,2 BHK,901.0,3514000,Urban,2,3900.110987791343
Rajaji Nagar,3 BHK,1725.0,20000000,Urban,3,11594.202898550724
Sarjapur,3 BHK,900.0,4200000,Urban,3,4666.666666666667
BEML Layout,2 BHK,1060.0,5500000,Urban,2,5188.679245283019
NGR Layout,2 BHK,1020.0,4845000,Urban,2,4750.0
Varthur,3 BHK,1535.0,6599000,Urban,3,4299.022801302932
Alur,1 BHK,530.0,2000000,Rural,1,3773.5849056603774
Haralur Road,3 BHK,1464.0,5600000,Urban,3,3825.136612021858
Devarabisanahalli,2 BHK,1350.0,8000000,Urban,2,5925.925925925926
Sarjapur  Road,2 BHK,1115.0,5000000,Urban,2,4484.304932735426
Uttarahalli,2 BHK,1175.0,4700000,Urban,2,4000.0
Whitefield,2 BHK,1113.0,6200000,Urban,2,5570.530098831986
Uttarahalli,6 Bedroom,1200.0,22500000,Urban,6,18750.0
Ramamurthy Nagar,5 Bedroom,1640.0,24000000,Urban,5,14634.146341463415
Giri Nagar,2 BHK,650.0,4200000,Urban,2,6461.538461538462
Marathahalli,2 BHK,1325.0,7155000,Urban,2,5400.0
Electronics City Phase 1,2 BHK,950.0,3100000,Urban,2,3263.157894736842
Jakkur,3 BHK,1396.0,8651000,Urban,3,6196.991404011461
Rachenahalli,2 BHK,1050.0,5207000,Urban,2,4959.047619047619
Thanisandra,3 BHK,1825.0,10000000,Urban,3,5479.45205479452
7th Phase JP Nagar,2 BHK,1190.0,4998000,Urban,2,4200.0
Marathahalli,2 BHK,1220.0,5650000,Urban,2,4631.147540983607
NRI Layout,3 BHK,1565.0,7500000,Urban,3,4792.332268370607
Hennur Road,3 BHK,1891.0,10900000,Urban,3,5764.1459545214175
Sidedahalli,2 BHK,900.0,2700000,Urban,2,3000.0
Hosa Road,2 BHK,1161.0,5515000,Urban,2,4750.215331610681
Sarjapur,1 BHK,649.5,1753500,Urban,1,2699.7690531177827
Dwarka Nagar,8 Bedroom,2400.0,12500000,Urban,8,5208.333333333333
Rajaji Nagar,4 Bedroom,315.0,9000000,Urban,4,28571.428571428572
Yeshwanthpur,1 BHK,665.0,3685000,Urban,1,5541.353383458647
Mysore Road,2 BHK,1175.0,7350000,Urban,2,6255.31914893617
Hoodi,2 BHK,1425.0,8000000,Urban,2,5614.035087719299
Chikkabanavar,1 Bedroom,1200.0,2000000,Rural,1,1666.6666666666667
ITPL,3 Bedroom,1200.0,5612000,Urban,3,4676.666666666667
Somasundara Palya,2 BHK,1255.0,6700000,Urban,2,5338.645418326693
Hegde Nagar,3 BHK,2112.95,14500000,Urban,3,6862.443503159091
Raja Rajeshwari Nagar,1 BHK,600.0,2200000,Urban,1,3666.6666666666665
Haralur Road,3 BHK,1810.0,10000000,Urban,3,5524.861878453039
Indira Nagar,2 BHK,1200.0,9300000,Urban,2,7750.0
Harlur,2 BHK,1033.0,4900000,Rural,2,4743.465634075508
ITPL,3 BHK,1548.0,8950000,Urban,3,5781.6537467700255
Horamavu Banaswadi,3 BHK,1611.0,6600000,Urban,3,4096.83426443203
Electronic City Phase II,3 BHK,1400.0,4043000,Urban,3,2887.8571428571427
Vidyaranyapura,3 BHK,1485.0,6700000,Urban,3,4511.784511784512
Margondanahalli,2 Bedroom,2400.0,8200000,Urban,2,3416.6666666666665
Pattandur Agrahara,2 BHK,1025.0,4450000,Urban,2,4341.463414634146
Thurahalli,4 Bedroom,600.0,6500000,Urban,4,10833.333333333334
Hallehalli,2 BHK,1225.0,5300000,Urban,2,4326.530612244898
5th Phase JP Nagar,2 BHK,1256.0,6280000,Urban,2,5000.0
Whitefield,4 BHK,2268.0,16300000,Urban,4,7186.94885361552
Kanakpura Road,3 BHK,1100.0,5300000,Urban,3,4818.181818181818
Vadarpalya,2 BHK,1141.0,6200000,Urban,2,5433.829973707274
Attibele,1 BHK,400.0,1200000,Rural,1,3000.0
Chandapura,2 Bedroom,1400.0,6000000,Urban,2,4285.714285714285
Kattigenahalli,7 BHK,4100.0,14000000,Urban,7,3414.6341463414633
Weavers Colony,1 BHK,15.0,3000000,Urban,1,200000.0
Raghavendra Nagar,2 BHK,1175.0,4827000,Urban,2,4108.085106382979
Sahakara Nagar,2 BHK,1100.0,5600000,Urban,2,5090.909090909091
Kanakpura Road,3 BHK,1843.0,9584000,Urban,3,5200.217037438958
1st Phase JP Nagar,8 Bedroom,1200.0,24000000,Urban,8,20000.0
Horamavu Banaswadi,2 BHK,1460.0,8050000,Urban,2,5513.698630136986
Rachenahalli,3 BHK,1530.0,7450000,Urban,3,4869.281045751634
HSR Layout,2 BHK,1467.0,5500000,Urban,2,3749.147920927062
KR Layout,1 BHK,950.0,4000000,Urban,1,4210.526315789473
Vittasandra,2 BHK,1246.0,6450000,Rural,2,5176.565008025682
Kanakapura,1 BHK,711.0,3800000,Urban,1,5344.585091420535
Haralur Road,2 BHK,1194.0,4600000,Urban,2,3852.5963149078725
Babusapalaya,3 BHK,1358.0,4340000,Rural,3,3195.8762886597938
Nagasandra,6 Bedroom,1500.0,13000000,Rural,6,8666.666666666666
Hoodi,2 BHK,1420.0,7500000,Rural,2,5281.69014084507
Kathriguppe,3 BHK,1250.0,6875000,Rural,3,5500.0
Akshaya Nagar,2 BHK,1280.0,5800000,Urban,2,4531.25
Nagappa Reddy Layout,2 BHK,1209.0,5000000,Urban,2,4135.6492969396195
Kempapura,5 Bedroom,4200.0,22500000,Urban,5,5357.142857142857
BTM 1st Stage,4 Bedroom,1215.0,20500000,Rural,4,16872.427983539095
Panathur,3 BHK,1315.0,5480000,Rural,3,4167.300380228137
Kariyammana Agrahara,3 BHK,1800.0,9000000,Urban,3,5000.0
Hessarghatta,5 Bedroom,1600.0,12500000,Rural,5,7812.5
TC Palaya,3 BHK,1600.0,6500000,Rural,3,4062.5
Binnamangala,6 Bedroom,3968.0,90000000,Rural,6,22681.451612903227
Suraksha Nagar,3 BHK,1563.0,5200000,Urban,3,3326.935380678183
Whitefield,3 BHK,1560.0,7200000,Urban,3,4615.384615384615
Brookefield,3 BHK,2169.0,11500000,Rural,3,5301.982480405717
Lakshmi Layout,9 Bedroom,900.0,17000000,Urban,9,18888.88888888889
Rachenahalli,2 BHK,1050.0,5550000,Urban,2,5285.714285714285
Iblur Village,3 BHK,3235.0,23500000,Rural,3,7264.296754250387
TC Palaya,3 Bedroom,1200.0,6600000,Rural,3,5500.0
HSR Layout,2 BHK,1140.0,4600000,Urban,2,4035.0877192982457
7th Phase JP Nagar,3 Bedroom,1500.0,17000000,Urban,3,11333.333333333334
Horamavu Agara,3 BHK,1560.0,7500000,Urban,3,4807.692307692308
JP Nagar,2 BHK,1100.0,7000000,Urban,2,6363.636363636364
Kasavanhalli,3 BHK,1260.0,4032000,Urban,3,3200.0
Hebbal,2 BHK,1036.0,5000000,Urban,2,4826.254826254826
Akshaya Nagar,3 BHK,1662.0,8510000,Urban,3,5120.336943441636
Yelachenahalli,3 BHK,1464.0,10500000,Urban,3,7172.131147540984
Yelahanka,2 BHK,1234.0,8000000,Urban,2,6482.982171799027
Sarjapur  Road,3 BHK,1403.0,5500000,Urban,3,3920.1710620099784
Kadugondanahalli,4 Bedroom,915.0,5490000,Urban,4,6000.0
2nd Stage Nagarbhavi,6 Bedroom,3000.0,45100000,Urban,6,15033.333333333334
Seegehalli,3 BHK,1150.0,4290000,Urban,3,3730.4347826086955
Hebbal,4 BHK,3900.0,41000000,Urban,4,10512.820512820514
Yeshwanthpur,5 Bedroom,850.0,9000000,Rural,5,10588.235294117647
Kanakapura,2 BHK,929.0,4600000,Urban,2,4951.560818083961
2nd Stage Nagarbhavi,6 Bedroom,2400.0,45000000,Urban,6,18750.0
TC Palaya,3 Bedroom,1350.0,7500000,Rural,3,5555.555555555556
Vasanthapura,2 BHK,1135.0,3973000,Urban,2,3500.4405286343613
Basava Nagar,2 BHK,1405.0,7000000,Urban,2,4982.20640569395
Whitefield,2 Bedroom,1200.0,4584000,Urban,2,3820.0
Haralur Road,4 BHK,2805.0,15400000,Urban,4,5490.196078431372
Yeshwanthpur,2 BHK,1161.0,6408000,Rural,2,5519.37984496124
Kanakpura Road,2 BHK,1290.0,7400000,Urban,2,5736.434108527132
Yeshwanthpur,3 BHK,2557.0,14100000,Rural,3,5514.274540477121
2nd Block Hrbr Layout,3 BHK,1480.0,9000000,Urban,3,6081.081081081081
BTM 1st Stage,9 Bedroom,3300.0,50000000,Rural,9,15151.515151515152
Old Madras Road,3 BHK,1350.0,5454000,Urban,3,4040.0
Kadugodi,3 BHK,1580.0,6500000,Rural,3,4113.9240506329115
Banashankari,3 BHK,1470.0,8864000,Urban,3,6029.931972789115
Ananth Nagar,1 BHK,500.0,1400000,Urban,1,2800.0
Sarjapur  Road,2 BHK,1346.0,6192000,Urban,2,4600.297176820208
Canara Bank Layout,3 BHK,1600.0,9000000,Urban,3,5625.0
Naganathapura,2 BHK,720.0,12000000,Urban,2,16666.666666666668
Manjunath Nagar,4 Bedroom,1200.0,13500000,Urban,4,11250.0
Basapura,2 BHK,1200.0,3500000,Urban,2,2916.6666666666665
Channasandra,3 BHK,1340.0,4833000,Rural,3,3606.716417910448
Devanahalli,4 Bedroom,6136.0,56000000,Urban,4,9126.466753585397
Jigani,2 BHK,918.0,4800000,Rural,2,5228.75816993464
Singena Agrahara,3 Bedroom,1500.0,11500000,Urban,3,7666.666666666667
Yelahanka,2 BHK,1315.0,8500000,Urban,2,6463.878326996198
Sector 1 HSR Layout,4 Bedroom,2400.0,77500000,Urban,4,32291.666666666668
Uttarahalli,3 BHK,1390.0,6255000,Urban,3,4500.0
Uttarahalli,3 BHK,1330.0,5600000,Urban,3,4210.526315789473
Jalahalli,5 BHK,3100.0,26500000,Urban,5,8548.387096774193
Mango Garden Layout,3 BHK,1824.0,12500000,Urban,3,6853.070175438596
7th Phase JP Nagar,3 BHK,1420.0,9600000,Urban,3,6760.56338028169
Kacharakanahalli,1 Bedroom,750.0,5625000,Urban,1,7500.0
Jalahalli East,3 BHK,1260.0,6000000,Urban,3,4761.9047619047615
Hennur Road,3 BHK,1561.0,9500000,Urban,3,6085.842408712364
5th Phase JP Nagar,9 Bedroom,812.0,16500000,Urban,9,20320.197044334975
"Bidere Agarahara, Behind Safal market",2 BHK,1060.0,4200000,Urban,2,3962.264150943396
Hoodi,8 Bedroom,1120.0,14500000,Rural,8,12946.42857142857
Haralur Road,2 BHK,1225.0,6738000,Urban,2,5500.408163265306
Thanisandra,3 BHK,2144.0,13500000,Rural,3,6296.641791044776
Kengeri,7 Bedroom,1200.0,14000000,Rural,7,11666.666666666666
Electronic City,2 BHK,880.0,2900000,Urban,2,3295.4545454545455
Hoodi,3 BHK,1639.0,11000000,Rural,3,6711.4093959731545
Thanisandra,3 BHK,1240.0,6200000,Rural,3,5000.0
Kanakpura Road,2 BHK,1500.0,6900000,Urban,2,4600.0
Haralur Road,2 BHK,1243.0,4600000,Urban,2,3700.7240547063557
Marathahalli,3 BHK,1575.0,7800000,Urban,3,4952.380952380952
Haralur Road,2 BHK,1027.0,4400000,Urban,2,4284.323271665044
Kambipura,3 BHK,1082.0,5600000,Urban,3,5175.6007393715345
Konanakunte,3 BHK,1637.0,7300000,Rural,3,4459.376908979842
Kanakpura Road,3 BHK,1665.0,8658000,Urban,3,5200.0
Electronic City,2 BHK,1265.0,5693000,Urban,2,4500.395256916996
Electronic City,3 BHK,1691.0,10200000,Urban,3,6031.933767001774
Thanisandra,2 BHK,1100.0,3800000,Rural,2,3454.5454545454545
Grihalakshmi Layout,5 Bedroom,24.0,15000000,Urban,5,625000.0
Gopalkrishna Nagar,3 Bedroom,1500.0,6200000,Urban,3,4133.333333333333
Hosakerehalli,4 BHK,3205.0,38000000,Urban,4,11856.474258970358
Kammanahalli,5 Bedroom,1666.0,15000000,Urban,5,9003.60144057623
Choodasandra,2 BHK,1115.0,5000000,Rural,2,4484.304932735426
Mysore Road,2 BHK,1070.0,4500000,Urban,2,4205.607476635514
Indira Nagar,2 BHK,1128.0,10500000,Urban,2,9308.510638297872
Budigere,2 BHK,1162.0,5700000,Rural,2,4905.335628227194
Sai Gardens,2 BHK,1339.0,5500000,Rural,2,4107.542942494399
Mahadevpura,2 BHK,1192.0,7500000,Urban,2,6291.946308724832
Haralur Road,3 BHK,1920.0,11500000,Urban,3,5989.583333333333
Hennur,2 BHK,1255.0,5232000,Rural,2,4168.924302788844
Rajaji Nagar,2 BHK,1357.0,11500000,Urban,2,8474.57627118644
Dodda Kempaiah Layout,3 BHK,1600.0,7500000,Urban,3,4687.5
Hanumanth Nagar,2 BHK,1225.0,5511000,Urban,2,4498.775510204082
Whitefield,4 Bedroom,2400.0,20000000,Urban,4,8333.333333333334
Kasturi Nagar,3 BHK,1570.0,8000000,Urban,3,5095.541401273886
Thanisandra,2 BHK,1093.0,7000000,Rural,2,6404.391582799634
Basaveshwara Nagar,3 BHK,1865.0,14500000,Urban,3,7774.798927613941
R.T. Nagar,6 Bedroom,1200.0,16500000,Urban,6,13750.0
Kaikondrahalli,2 BHK,1039.0,8000000,Urban,2,7699.711260827719
Vittasandra,2 BHK,1246.0,6450000,Rural,2,5176.565008025682
Whitefield,3 BHK,1985.0,7500000,Urban,3,3778.337531486146
Hosakerehalli,3 BHK,1590.0,4900000,Urban,3,3081.761006289308
Hunasamaranahalli,4 Bedroom,4000.0,67500000,Urban,4,16875.0
Electronic City Phase II,2 BHK,775.0,3800000,Urban,2,4903.225806451613
RWF West Colony,2 BHK,1000.0,5000000,Urban,2,5000.0
Hebbal Kempapura,3 BHK,1800.0,17500000,Urban,3,9722.222222222223
Bommasandra,2 BHK,1035.0,4100000,Rural,2,3961.352657004831
Dasarahalli,3 BHK,1520.0,7500000,Urban,3,4934.210526315789
Whitefield,2 BHK,1360.0,9500000,Urban,2,6985.294117647059
Bileshivale,4 Bedroom,6000.0,40000000,Rural,4,6666.666666666667
Kodigehaali,2 BHK,1117.0,5600000,Rural,2,5013.428827215756
KR Puram,4 Bedroom,1200.0,12000000,Urban,4,10000.0
EPIP Zone,2 BHK,1330.0,9250000,Rural,2,6954.887218045113
Marathahalli,3 BHK,1937.0,16000000,Urban,3,8260.196179659268
Electronic City,2 BHK,1128.0,6549000,Urban,2,5805.851063829788
Neeladri Nagar,2 BHK,1053.0,4500000,Urban,2,4273.504273504273
Panathur,2 BHK,1198.0,7700000,Rural,2,6427.378964941569
Marathahalli,2 BHK,1152.0,5600000,Urban,2,4861.111111111111
1st Block Jayanagar,6 BHK,1200.0,12500000,Urban,6,10416.666666666666
Frazer Town,2 BHK,1625.0,7500000,Urban,2,4615.384615384615
Kundalahalli,3 BHK,1397.0,10500000,Urban,3,7516.1059413027915
Yeshwanthpur,3 BHK,1523.0,17000000,Rural,3,11162.179908076165
Kambipura,2 BHK,883.0,4500000,Urban,2,5096.262740656852
Kaggalipura,1 BHK,700.0,3800000,Urban,1,5428.571428571428
Yelahanka,2 BHK,1170.0,6250000,Urban,2,5341.880341880342
Kanakpura Road,3 BHK,1200.0,4200000,Urban,3,3500.0
Manayata Tech Park,3 BHK,2400.0,17000000,Rural,3,7083.333333333333
Kullappa Colony,2 BHK,1480.0,6500000,Urban,2,4391.891891891892
Akshaya Nagar,3 BHK,1897.0,12000000,Urban,3,6325.77754348972
Rachenahalli,2 BHK,996.0,6700000,Urban,2,6726.907630522089
Haralur Road,3 BHK,1875.0,11000000,Urban,3,5866.666666666667
Williams Town,3 BHK,1500.0,9800000,Urban,3,6533.333333333333
Jaya Nagar East,3 BHK,3095.0,35000000,Urban,3,11308.562197092084
Ambalipura,3 BHK,1390.0,17500000,Urban,3,12589.928057553956
Yelahanka,3 BHK,1450.0,6525500,Urban,3,4500.3448275862065
Yelahanka,1 BHK,697.0,4500000,Urban,1,6456.241032998565
Sarjapur  Road,1 BHK,710.0,2700000,Urban,1,3802.8169014084506
Iggalur,2 BHK,910.0,3050000,Rural,2,3351.6483516483518
Sompura,3 BHK,1025.0,4800000,Urban,3,4682.926829268293
Magadi Road,2 BHK,1000.0,4650000,Urban,2,4650.0
Harlur,4 Bedroom,1200.0,24400000,Rural,4,20333.333333333332
Horamavu Agara,3 BHK,1453.0,4648000,Urban,3,3198.8988300068822
Sarjapur  Road,4 BHK,3335.0,30000000,Urban,4,8995.502248875562
Thanisandra,2 BHK,971.5,3643500,Rural,2,3750.386001029336
Bellandur,2 BHK,1281.0,7400000,Urban,2,5776.736924277908
Cooke Town,1 BHK,565.0,3500000,Urban,1,6194.690265486725
Varthur,2 BHK,1024.0,4200000,Rural,2,4101.5625
Electronic City,3 BHK,1620.0,6200000,Urban,3,3827.1604938271603
Whitefield,2 BHK,1254.0,4000000,Urban,2,3189.792663476874
Banashankari,3 BHK,1300.0,7500000,Urban,3,5769.2307692307695
Doddakallasandra,2 BHK,1233.0,4300000,Rural,2,3487.42903487429
Chokkanahalli,1 Bedroom,1200.0,2800000,Urban,1,2333.3333333333335
Hosur Road,3 BHK,1510.0,10500000,Urban,3,6953.64238410596
Kaggalipura,2 BHK,950.0,6500000,Urban,2,6842.105263157895
Battarahalli,3 BHK,1945.0,9742000,Urban,3,5008.740359897172
Uttarahalli,2 BHK,1008.0,4500000,Urban,2,4464.285714285715
Thanisandra,3 BHK,1265.0,7900000,Rural,3,6245.059288537549
Hebbal,3 BHK,1255.0,7768000,Urban,3,6189.641434262948
Kanakpura Road,4 BHK,2689.0,22000000,Urban,4,8181.480104127929
Yelenahalli,2 BHK,1200.0,4617000,Urban,2,3847.5
Sarjapur  Road,3 BHK,1403.0,5163000,Urban,3,3679.9714896650034
Kudlu Gate,3 BHK,1535.0,8500000,Rural,3,5537.459283387622
Chikkaballapur,3 Bedroom,1500.0,10000000,Rural,3,6666.666666666667
Chamrajpet,3 BHK,1475.0,12000000,Urban,3,8135.593220338983
Uttarahalli,3 BHK,1390.0,6047000,Urban,3,4350.359712230216
Raja Rajeshwari Nagar,3 BHK,1278.0,5376000,Urban,3,4206.572769953052
VGP Layout,2 BHK,1133.0,5500000,Urban,2,4854.368932038835
Classic Paradise Layout,5 Bedroom,1560.0,14500000,Urban,5,9294.871794871795
Byappanahalli,5 Bedroom,2900.0,9000000,Urban,5,3103.448275862069
Kogilu,2 BHK,1170.0,5199000,Rural,2,4443.589743589743
Sahakara Nagar,3 Bedroom,1200.0,20000000,Urban,3,16666.666666666668
Whitefield,3 BHK,1697.0,9479000,Urban,3,5585.739540365351
Thanisandra,3 BHK,1651.0,9738000,Rural,3,5898.24348879467
Vasanth nagar,3 BHK,1560.0,18800000,Urban,3,12051.28205128205
Hennur Road,3 BHK,1192.0,6000000,Urban,3,5033.557046979866
OMBR Layout,2 BHK,1078.0,6500000,Urban,2,6029.684601113173
Kumaraswami Layout,7 Bedroom,800.0,10500000,Urban,7,13125.0
Kasavanhalli,2 BHK,1349.0,7800000,Urban,2,5782.060785767235
Ulsoor,9 Bedroom,2300.0,21000000,Rural,9,9130.434782608696
7th Phase JP Nagar,3 BHK,1680.0,12000000,Urban,3,7142.857142857143
Rayasandra,3 BHK,1314.0,6300000,Rural,3,4794.520547945205
Garudachar Palya,2 BHK,1060.0,4870000,Urban,2,4594.33962264151
Kalyan nagar,2 BHK,820.0,3900000,Urban,2,4756.09756097561
Whitefield,4 Bedroom,5000.0,40000000,Urban,4,8000.0
BEML Layout,3 BHK,2000.0,8500000,Urban,3,4250.0
Kalkere,2 BHK,856.0,4000000,Rural,2,4672.897196261682
Rajaji Nagar,3 BHK,1621.0,13000000,Urban,3,8019.740900678594
ITPL,3 Bedroom,1200.0,6840000,Urban,3,5700.0
Bannerghatta Road,3 BHK,1484.0,5250000,Urban,3,3537.735849056604
T.C. Palya,4 Bedroom,600.0,6000000,Urban,4,10000.0
Siddapura,4 Bedroom,14000.0,80000000,Urban,4,5714.285714285715
Yelahanka New Town,1 BHK,500.0,2000000,Urban,1,4000.0
Makali,1 BHK,485.0,1500000,Rural,1,3092.783505154639
7th Phase JP Nagar,2 BHK,1050.0,4200000,Urban,2,4000.0
Uttarahalli,3 BHK,1617.0,6668000,Urban,3,4123.685837971552
Electronic City,2 BHK,550.0,1600000,Urban,2,2909.090909090909
RWF West Colony,3 BHK,1384.0,6228000,Urban,3,4500.0
Devanahalli,2 BHK,1408.0,8500000,Urban,2,6036.931818181818
Uttarahalli,2 BHK,1150.0,4900000,Urban,2,4260.869565217391
Akshaya Nagar,3 BHK,1410.0,7500000,Urban,3,5319.148936170212
Kaggadasapura,4 BHK,2150.0,10000000,Urban,4,4651.162790697675
Koramangala,3 BHK,2292.0,27500000,Urban,3,11998.25479930192
Malleshwaram,3 BHK,2006.0,29700000,Rural,3,14805.583250249252
Maragondanahalli,3 BHK,1508.0,7025000,Urban,3,4658.488063660478
Ramamurthy Nagar,2 BHK,1040.0,5000000,Urban,2,4807.692307692308
TC Palaya,2 Bedroom,1240.0,6000000,Urban,2,4838.709677419355
Kudlu Gate,3 BHK,1535.0,7800000,Urban,3,5081.4332247557
Lakshminarayana Pura,2 BHK,1180.0,7500000,Urban,2,6355.932203389831
Abbigere,6 Bedroom,2200.0,6800000,Urban,6,3090.909090909091
Bannerghatta Road,2 BHK,1400.0,7800000,Urban,2,5571.428571428572
Raja Rajeshwari Nagar,1 BHK,500.0,2500000,Urban,1,5000.0
Whitefield,4 Bedroom,4800.0,52500000,Urban,4,10937.5
Sarjapur  Road,3 BHK,1984.0,14600000,Urban,3,7358.870967741936
Whitefield,4 Bedroom,3000.0,25000000,Urban,4,8333.333333333334
Garudachar Palya,3 BHK,1960.0,16000000,Urban,3,8163.265306122449
Sarjapur  Road,2 BHK,1035.0,4500000,Urban,2,4347.826086956522
Vibuthipura,4 Bedroom,2150.0,8000000,Urban,4,3720.9302325581393
Whitefield,3 BHK,1700.0,11500000,Urban,3,6764.705882352941
Hosakerehalli,4 BHK,3024.0,24800000,Urban,4,8201.0582010582
Tumkur Road,3 BHK,1586.0,10000000,Urban,3,6305.170239596469
Hennur,3 Bedroom,2264.0,15500000,Urban,3,6846.2897526501765
Chikka Tirupathi,4 Bedroom,2325.0,12000000,Urban,4,5161.290322580645
Yelahanka,2 BHK,1120.0,5500000,Urban,2,4910.714285714285
Yelahanka,3 BHK,1662.0,6798000,Urban,3,4090.2527075812272
Sarjapur  Road,2 BHK,1128.0,5900000,Urban,2,5230.49645390071
5th Block Hbr Layout,6 Bedroom,1200.0,25000000,Urban,6,20833.333333333332
Jigani,2 BHK,924.0,6500000,Rural,2,7034.632034632034
Suraksha Nagar,3 BHK,1600.0,5200000,Urban,3,3250.0
Pai Layout,2 BHK,1006.0,3500000,Urban,2,3479.1252485089462
Amruthahalli,2 BHK,1200.0,5500000,Urban,2,4583.333333333333
Jalahalli West,2 BHK,1250.0,6200000,Urban,2,4960.0
Defence Layout,3 Bedroom,1200.0,13000000,Urban,3,10833.333333333334
Kannamangala,2 BHK,957.0,5600000,Urban,2,5851.619644723093
Whitefield,2 BHK,1140.0,4100000,Urban,2,3596.4912280701756
Roopena Agrahara,2 BHK,1050.0,6700000,Urban,2,6380.952380952381
Kasturi Nagar,3 BHK,1565.0,8850000,Urban,3,5654.952076677317
Whitefield,2 BHK,1190.0,5700000,Urban,2,4789.915966386555
Whitefield,3 Bedroom,2842.0,16200000,Urban,3,5700.2111189303305
Kanakpura Road,3 BHK,1558.67,6500000,Urban,3,4170.222048284755
Electronics City Phase 1,1 BHK,630.0,3900000,Urban,1,6190.476190476191
Whitefield,3 BHK,1403.0,6081000,Urban,3,4334.283677833215
Kanakpura Road,3 BHK,1542.0,8500000,Urban,3,5512.321660181582
Haralur Road,4 Bedroom,2750.0,22000000,Urban,4,8000.0
Iblur Village,4 BHK,3596.0,29000000,Urban,4,8064.5161290322585
Kengeri Satellite Town,3 BHK,1635.0,7800000,Urban,3,4770.642201834862
Mysore Road,2 BHK,1239.0,5300000,Urban,2,4277.643260694108
Haralur Road,2 BHK,1194.0,4700000,Urban,2,3936.348408710218
Dooravani Nagar,3 BHK,1596.0,10500000,Urban,3,6578.9473684210525
Channasandra,2 BHK,1009.0,3834000,Urban,2,3799.8017839444997
Hosa Road,3 BHK,1726.0,8199000,Urban,3,4750.289687137891
Kudlu Gate,3 BHK,1535.0,8600000,Urban,3,5602.605863192182
Banashankari Stage V,3 BHK,1300.0,5850000,Urban,3,4500.0
Whitefield,4 Bedroom,3100.0,46500000,Urban,4,15000.0
Coconut Garden,3 BHK,1800.0,8000000,Urban,3,4444.444444444444
Binny Pete,1 BHK,665.0,5075000,Urban,1,7631.578947368421
Chamrajpet,9 Bedroom,4050.0,120000000,Urban,9,29629.62962962963
TC Palaya,3 Bedroom,1500.0,10000000,Urban,3,6666.666666666667
Kalkere,2 BHK,925.0,4800000,Urban,2,5189.189189189189
Old Airport Road,4 BHK,3356.0,25100000,Urban,4,7479.141835518474
Gollahalli,2 BHK,1395.0,6359000,Rural,2,4558.4229390681
Sonnenahalli,3 BHK,1415.0,5500000,Rural,3,3886.9257950530036
Begur,3 BHK,1419.0,5900000,Urban,3,4157.85764622974
Kasavanhalli,2 BHK,1121.0,7800000,Urban,2,6958.07314897413
Kambipura,3 BHK,1082.0,4500000,Urban,3,4158.964879852126
KR Puram,2 BHK,1100.0,4700000,Urban,2,4272.727272727273
Hoodi,3 BHK,1606.0,8955000,Urban,3,5575.965130759651
Billekahalli,3 BHK,1650.0,8800000,Urban,3,5333.333333333333
D Souza Layout,3 BHK,4634.0,101500000,Urban,3,21903.32326283988
Old Airport Road,2 BHK,1206.0,7500000,Urban,2,6218.905472636816
Sarjapur  Road,3 BHK,1495.0,6400000,Urban,3,4280.936454849499
Malleshwaram,8 Bedroom,840.0,19500000,Urban,8,23214.285714285714
Electronic City,2 BHK,710.0,1600000,Urban,2,2253.521126760563
Balagere,2 BHK,1210.0,7200000,Urban,2,5950.413223140496
Nagarbhavi,3 BHK,1523.0,5340000,Urban,3,3506.2376887721603
Whitefield,2 BHK,1232.0,4500000,Urban,2,3652.5974025974024
Rachenahalli,1 BHK,680.0,4400000,Urban,1,6470.588235294118
Hebbal,3 BHK,1355.0,8387000,Urban,3,6189.667896678967
Thanisandra,3 BHK,1430.0,5146000,Urban,3,3598.6013986013986
Kothannur,3 BHK,1275.0,4385000,Urban,3,3439.2156862745096
Electronic City,2 BHK,1070.0,5610000,Urban,2,5242.990654205608
Bettahalsoor,3 Bedroom,1200.0,8500000,Rural,3,7083.333333333333
Electronic City,4 Bedroom,2000.0,12000000,Urban,4,6000.0
Bommanahalli,2 BHK,1200.0,4000000,Urban,2,3333.3333333333335
Marathahalli,3 BHK,1610.0,9000000,Urban,3,5590.062111801242
Haralur Road,2 BHK,1140.0,4300000,Urban,2,3771.9298245614036
Raja Rajeshwari Nagar,2 BHK,1143.0,3865000,Urban,2,3381.4523184601926
Jakkur,4 BHK,3467.86,24900000,Urban,4,7180.220654813054
Rachenahalli,3 BHK,1530.0,7440000,Urban,3,4862.745098039216
7th Phase JP Nagar,2 BHK,980.0,6900000,Urban,2,7040.816326530612
Whitefield,3 BHK,1485.0,6500000,Urban,3,4377.104377104377
Whitefield,3 Bedroom,1500.0,13000000,Urban,3,8666.666666666666
Whitefield,2 BHK,1280.0,7500000,Urban,2,5859.375
Thanisandra,2 BHK,1265.0,8500000,Urban,2,6719.367588932806
"ECC Road, Whitefield, ",2 BHK,1132.0,6700000,Urban,2,5918.727915194347
Ashwath Nagar,2 BHK,1262.0,6300000,Urban,2,4992.076069730587
JP Nagar,2 BHK,940.0,4900000,Urban,2,5212.765957446809
Seetharampalya,3 BHK,1515.0,8800000,Urban,3,5808.580858085808
Jigani,3 BHK,1300.0,15000000,Rural,3,11538.461538461539
Kothanur,3 Bedroom,1840.0,6900000,Urban,3,3750.0
Electronic City,2 BHK,890.0,4500000,Urban,2,5056.179775280899
Rukmaiah Layout,3 BHK,1655.0,8606000,Urban,3,5200.0
Hennur Road,3 BHK,2060.0,14900000,Urban,3,7233.0097087378645
Bommanahalli,3 BHK,1730.0,9600000,Urban,3,5549.132947976878
Yelahanka,3 BHK,2195.0,12700000,Urban,3,5785.876993166287
Kathriguppe,3 BHK,1650.0,12500000,Urban,3,7575.757575757576
KR Puram,2 Bedroom,1200.0,7100000,Urban,2,5916.666666666667
Hosa Road,2 BHK,1079.0,3237000,Urban,2,3000.0
Panathur,2 BHK,1085.0,3600000,Urban,2,3317.9723502304146
Maruthi Sevanagar,7 Bedroom,5000.0,29900000,Urban,7,5980.0
Yelahanka,2 BHK,1075.0,5150000,Urban,2,4790.697674418605
Devanahalli Int. Airport,2 BHK,1380.0,8000000,Urban,2,5797.101449275362
Puttanahalli,3 BHK,1450.0,6500000,Urban,3,4482.758620689655
Thubarahalli,2 BHK,1200.0,7800000,Urban,2,6500.0
Benson Town,3 BHK,3200.0,35000000,Urban,3,10937.5
Hoodi,3 BHK,1639.0,9832000,Urban,3,5998.779743746187
Jakkuru Layout,2 BHK,1200.0,5400000,Urban,2,4500.0
Vijayanagar,3 BHK,1739.0,11600000,Urban,3,6670.500287521564
Palanahalli,4 Bedroom,4346.0,50000000,Rural,4,11504.83202945237
Old Madras Road,2 BHK,935.0,3272000,Urban,2,3499.4652406417113
 Thanisandra,1 RK,510.0,2525000,Urban,1,4950.980392156863
Devasandra Extension,6 Bedroom,1200.0,18000000,Urban,6,15000.0
Nagondanahalli,2 BHK,1178.0,4700000,Urban,2,3989.8132427843802
Chikkalasandra,3 BHK,1375.0,5000000,Urban,3,3636.3636363636365
Chandapura,3 BHK,1065.0,3300000,Rural,3,3098.5915492957747
2nd Phase Judicial Layout,3 BHK,1450.0,5075000,Urban,3,3500.0
BEML Layout,2 BHK,999.0,4500000,Urban,2,4504.504504504504
Amruthahalli,2 BHK,4400.0,47500000,Urban,2,10795.454545454546
Marathahalli,5 Bedroom,1350.0,13500000,Urban,5,10000.0
Kothannur,2 BHK,1100.0,4000000,Urban,2,3636.3636363636365
Koramangala,3 BHK,1835.0,15500000,Urban,3,8446.866485013625
Hoodi,4 BHK,2090.0,9510000,Urban,4,4550.239234449761
Lingadheeranahalli,3 BHK,1519.0,9300000,Urban,3,6122.448979591837
Dommasandra,3 BHK,1267.0,5600000,Urban,3,4419.889502762431
Sanjay nagar,2 BHK,1150.0,7220000,Urban,2,6278.260869565217
Marathahalli,2 BHK,1146.0,7000000,Urban,2,6108.202443280978
1st Block HRBR Layout,8 Bedroom,1200.0,23500000,Urban,8,19583.333333333332
Kannamangala,3 BHK,1550.0,6500000,Urban,3,4193.548387096775
Chandapura,2 BHK,850.0,1850000,Rural,2,2176.470588235294
Richmond Town,3 BHK,2200.0,18700000,Urban,3,8500.0
"Sarjapur Road, ",3 Bedroom,3329.0,33000000,Urban,3,9912.886752778611
Electronics City Phase 1,1 BHK,785.0,5500000,Urban,1,7006.369426751592
Hebbal Kempapura,3 BHK,2900.0,30000000,Urban,3,10344.827586206897
Raja Rajeshwari Nagar,3 BHK,1610.0,7400000,Urban,3,4596.273291925466
Bellandur,2 BHK,921.0,4000000,Urban,2,4343.105320304017
Kengeri Satellite Town,3 Bedroom,850.0,9500000,Urban,3,11176.470588235294
Bannerghatta Road,5 Bedroom,2700.0,15800000,Urban,5,5851.851851851852
Sarjapur  Road,3 BHK,1700.0,11000000,Urban,3,6470.588235294118
Sarjapur,2 BHK,1020.0,3500000,Urban,2,3431.372549019608
Billekahalli,2 BHK,1090.0,5200000,Urban,2,4770.642201834862
Bagalur Main Road,4 Bedroom,3600.0,30000000,Urban,4,8333.333333333334
Haralur Road,2 BHK,1027.0,4400000,Urban,2,4284.323271665044
Thanisandra,2 BHK,1185.0,4210000,Urban,2,3552.7426160337554
Doddathoguru,2 BHK,850.0,2500000,Urban,2,2941.176470588235
Harlur,2 BHK,1197.0,8400000,Urban,2,7017.543859649123
Byadarahalli,4 BHK,3500.0,45000000,Urban,4,12857.142857142857
Poorna Pragna Layout,2 BHK,920.0,3955000,Urban,2,4298.913043478261
Raja Rajeshwari Nagar,2 BHK,1105.0,6500000,Urban,2,5882.35294117647
Yeshwanthpur,3 BHK,1850.0,10000000,Urban,3,5405.405405405405
Judicial Layout,3 BHK,1300.0,6400000,Urban,3,4923.076923076923
"Varthur Road, ",3 BHK,1595.0,7600000,Urban,3,4764.8902821316615
Kodihalli,4 BHK,3073.0,69600000,Urban,4,22648.87731858119
Horamavu Agara,2 BHK,755.0,3749000,Urban,2,4965.562913907284
Nagasandra,5 Bedroom,4050.0,14000000,Urban,5,3456.7901234567903
Kanakpura Road,3 BHK,1300.0,6900000,Urban,3,5307.692307692308
Bannerghatta Road,2 BHK,1215.0,5000000,Urban,2,4115.22633744856
Kanakpura Road,2 BHK,900.0,4600000,Urban,2,5111.111111111111
Banashankari Stage III,2 BHK,1145.0,5840000,Urban,2,5100.436681222707
Chikka Banaswadi,2 BHK,1093.0,6500000,Urban,2,5946.935041171088
Babusapalaya,3 BHK,1213.0,4139000,Urban,3,3412.201154163232
Bannerghatta Road,3 BHK,1654.0,10000000,Urban,3,6045.949214026602
NGR Layout,2 BHK,1105.0,5248000,Urban,2,4749.321266968326
Babusapalaya,3 BHK,1611.0,6600000,Urban,3,4096.83426443203
Outer Ring Road East,2 BHK,1367.0,6200000,Urban,2,4535.479151426482
Devanahalli,2 BHK,1010.0,5100000,Rural,2,5049.504950495049
Kavika Layout,3 Bedroom,750.0,7500000,Urban,3,10000.0
Vinayaka Nagar,3 BHK,1535.0,9500000,Urban,3,6188.9250814332245
Anekal,2 BHK,620.0,2200000,Rural,2,3548.3870967741937
Horamavu Agara,2 BHK,982.0,4765000,Urban,2,4852.34215885947
Banashankari Stage II,2 BHK,1700.0,15000000,Urban,2,8823.529411764706
Whitefield,2 BHK,1330.0,7100000,Urban,2,5338.345864661655
JP Nagar,3 Bedroom,2500.0,13500000,Urban,3,5400.0
Poorna Pragna Layout,3 BHK,1475.0,5899000,Urban,3,3999.322033898305
Bhoganhalli,3 BHK,1410.0,6500000,Urban,3,4609.929078014185
Yelahanka New Town,1 BHK,440.0,1650000,Urban,1,3750.0
Yelahanka,3 BHK,1614.0,9500000,Urban,3,5885.9975216852545
Neeladri Nagar,2 BHK,1363.0,6800000,Urban,2,4988.994864269993
Kogilu,2 Bedroom,650.0,2800000,Urban,2,4307.692307692308
Dodda Kempaiah Layout,2 BHK,1015.0,4500000,Urban,2,4433.4975369458125
Horamavu Banaswadi,2 BHK,1156.0,4600000,Urban,2,3979.2387543252594
Hennur Busstop,2 BHK,1100.0,6270000,Urban,2,5700.0
KR Puram,3 BHK,1455.0,4600000,Urban,3,3161.512027491409
GB Palya,2 BHK,930.0,4500000,Urban,2,4838.709677419355
AMS Layout,3 BHK,1650.0,8000000,Urban,3,4848.484848484848
KR Puram,2 Bedroom,1200.0,9000000,Urban,2,7500.0
9th Block Jayanagar,1 Bedroom,700.0,15000000,Urban,1,21428.571428571428
Karuna Nagar,4 BHK,2900.0,13500000,Urban,4,4655.172413793103
Kadugodi,3 BHK,1890.0,12700000,Urban,3,6719.576719576719
Ashwathnagar,3 BHK,2197.0,28000000,Urban,3,12744.651797906236
Hebbal Kempapura,3 BHK,3522.0,38000000,Urban,3,10789.324247586599
Gaurava Nagar,3 BHK,1240.0,4600000,Urban,3,3709.6774193548385
HRBR Layout,2 BHK,1440.0,9800000,Urban,2,6805.555555555556
Kodichikkanahalli,1 BHK,650.0,3800000,Urban,1,5846.153846153846
Budigere,1 BHK,764.0,3200000,Urban,1,4188.48167539267
Sector 7 HSR Layout,5 Bedroom,900.0,9000000,Urban,5,10000.0
Raja Rajeshwari Nagar,3 BHK,1693.0,5739000,Urban,3,3389.84051978736
Hoodi,3 BHK,1445.0,6500000,Urban,3,4498.269896193771
Kanakpura Road,2 BHK,900.0,4500000,Urban,2,5000.0
Singasandra,2 BHK,1030.0,5500000,Urban,2,5339.805825242718
Yelahanka,3 BHK,1381.0,5248000,Urban,3,3800.1448225923245
Basapura,2 BHK,1100.0,6000000,Urban,2,5454.545454545455
Hoodi,3 BHK,1575.0,6639000,Urban,3,4215.238095238095
Thigalarapalya,2 Bedroom,1200.0,6500000,Urban,2,5416.666666666667
Begur Road,2 BHK,1200.0,4320000,Urban,2,3600.0
Kasturi Nagar,2 BHK,1080.0,8000000,Urban,2,7407.407407407408
Hebbal Kempapura,5 Bedroom,2280.0,20000000,Urban,5,8771.929824561403
Akshaya Nagar,3 BHK,1360.0,8500000,Urban,3,6250.0
Jakkur,3 BHK,1865.0,12400000,Urban,3,6648.793565683646
Sarjapur  Road,3 BHK,1157.0,7500000,Urban,3,6482.281763180639
Kammasandra,2 BHK,674.0,2900000,Urban,2,4302.670623145401
Whitefield,3 BHK,1405.0,7800000,Urban,3,5551.601423487545
Begur Road,2 BHK,1160.0,4408000,Urban,2,3800.0
Kengeri Satellite Town ( BDA SITE),4 Bedroom,1600.0,17200000,Urban,4,10750.0
Hebbal,3 BHK,1790.0,12700000,Urban,3,7094.972067039106
Electronic City,2 BHK,1128.0,6565000,Urban,2,5820.035460992908
Panathur,2 BHK,1180.0,7000000,Urban,2,5932.203389830508
AGS Layout,3 BHK,1450.0,8500000,Urban,3,5862.068965517241
Kengeri,1 BHK,340.0,1000000,Urban,1,2941.176470588235
Srinagar,4 Bedroom,2000.0,16600000,Urban,4,8300.0
Rachenahalli,2 BHK,1050.0,5350000,Urban,2,5095.238095238095
Varthur,2 BHK,1125.0,4000000,Urban,2,3555.5555555555557
Vittasandra,2 BHK,1246.0,6800000,Urban,2,5457.463884430176
HSR Layout,2 BHK,1372.0,6100000,Urban,2,4446.064139941691
Uttarahalli,3 BHK,1330.0,5600000,Urban,3,4210.526315789473
Binny Pete,3 BHK,2465.0,23400000,Urban,3,9492.90060851927
Dasarahalli,2 BHK,1300.0,5500000,Urban,2,4230.7692307692305
Brigade Road,2 Bedroom,1420.0,22000000,Urban,2,15492.957746478873
Bannerghatta,4 Bedroom,810.0,5000000,Urban,4,6172.83950617284
Channasandra,2 BHK,1065.0,3500000,Urban,2,3286.3849765258215
Hessarghatta,2 BHK,700.0,2700000,Rural,2,3857.1428571428573
Hebbal,2 BHK,687.325,4272000,Urban,2,6215.40028370858
Belathur,2 BHK,1050.0,4500000,Urban,2,4285.714285714285
Maruthi HBCS Layout,3 BHK,1250.0,3950000,Urban,3,3160.0
Electronic City,2 BHK,865.0,4200000,Urban,2,4855.491329479769
Uttarahalli,2 BHK,1200.0,4400000,Urban,2,3666.6666666666665
Srirampura,3 BHK,1756.0,10000000,Urban,3,5694.760820045558
Malleshwaram,9 Bedroom,750.0,15000000,Urban,9,20000.0
Yelahanka,1 BHK,628.0,2400000,Urban,1,3821.6560509554142
9th Phase JP Nagar,7 Bedroom,1200.0,19500000,Urban,7,16250.0
5th Phase JP Nagar,2 BHK,1207.0,6300000,Urban,2,5219.552609776305
Kalena Agrahara,3 BHK,1765.0,12500000,Urban,3,7082.152974504249
Electronic City,2 BHK,1130.0,3264000,Urban,2,2888.495575221239
Devanahalli Road,3 BHK,1532.0,9200000,Urban,3,6005.221932114882
Ejipura,3 BHK,1650.0,11000000,Urban,3,6666.666666666667
Horamavu Banaswadi,4 Bedroom,1200.0,10500000,Urban,4,8750.0
Bhoganhalli,2 BHK,804.1,6909000,Urban,2,8592.214898644446
